KANWIL,KODE_PPK,NAMA_PPK,point,ALAMAT_PPK,TELEPON_AREA_PPK,TELEPON_PPK,CONTACT_PERSON,TELEPON_PEMILIK,TELEPON_EXT_PEMILIK,JENIS_FASKES,STATUS
KANWIL DKI JAKARTA,PPK-532439,ORTHOCARE INDONESIA PT,"-6.1163414886559675, 106.76605343678862","RUKO GALERI NIAGA MEDITERANIA 2, BLOK N 8 J PANTAI INDAH UTARA 2 - PANTAI INDAH KAPUK",,,085883210316,,,SENTRA ORTHOSE / PROTHOSE,AKTIF
KANWIL DKI JAKARTA,PPK-522444,SILOAM INTERNATIONAL HOSPITALS,"-6.219047562672202, 106.8172999042529",JL.GARNISUN KAV 2-3 SEMANGGI,021,29962888,085883939600,29962888,29962888,RUMAH SAKIT TC,AKTIF
KANWIL DKI JAKARTA,PPK-512387,KLINIK PRATAMA ATMAJAYA BSD,"-6.309213467838889, 106.65240813185429",JL RAYA CISAUK KEL SAMPORA,,,082111730906,0215731982,0215731982,KLINIK TC,AKTIF
KANWIL DKI JAKARTA,PPK-512389,KLINIK PRATAMA ATMAJAYA PENJARINGAN,"-6.130439047992718, 106.79478440346146",JL. TANJUNG WANGI RW. 06,021,22664221,082111730906,0215731982,0215731982,KLINIK TC,AKTIF
KANWIL DKI JAKARTA,PPK-512372,KLINIK ANCOL MEDICAL CENTRE,"-6.128990007861162, 106.82167836577457",JL PARANG TRITIS RAYA NO 3,,,087788536399,,,KLINIK TC,AKTIF
KANWIL DKI JAKARTA,PPK-512371,KLINIK NOTO SUNTER,"-6.140323649916966, 106.85338018296376",JALAN GRIYA UTAMA BLOK A NO.46-48 JAKARTA UTARA,021,64710031,085780848385,64710031,64710031,KLINIK TC,AKTIF
KANWIL DKI JAKARTA,PPK-512300,KLINIK NOTO KELAPA GADING,"-6.156148130098307, 106.90765386490993",JALAN KELAPA GADING BOULEVARD BLOK LB1 NO.29 JAKARTA UTARA,021,64710031,085780848385,64710031,64710031,KLINIK TC,AKTIF
KANWIL DKI JAKARTA,PPK-512299,KLINIK MEDIKA PRAKARSA,"-6.242976734871452, 106.92048909645867",JL. RADIN INTEN II NO. 31,+62,8121213678,08121213678,,,KLINIK TC,AKTIF
KANWIL DKI JAKARTA,PPK-512212,KLINIK KINAN MEDICAL CENTER,"-6.188853003096133, 106.86257353878742",JL PERCETAKAN NEGARA 2 BLOK J NO 14-15,,,0815-1305-3651,02146223121,02146223121,KLINIK TC,AKTIF
KANWIL DKI JAKARTA,PPK-512296,RS FIRDAUS,"-6.1561335163464115, 106.92318228706172",JL.SIAK NO 14 KOMPLEK BEA CUKAI SUKAPURA  JAKARTA UTARA,021,0214407322,081296861994,0214407322,0214407322,RUMAH SAKIT TC,AKTIF
KANWIL DKI JAKARTA,PPK-512297,KLINIK PUTEWA,"-6.219806119199496, 106.93889498111696",JL NUSA INDAH RAYA BLOK 40 NO 17 H MALAKA JAYA,,,,,,KLINIK TC,AKTIF
KANWIL DKI JAKARTA,PPK-512208,KLINIK YAYASAN KESUMA SAKTI,"-6.188350874453765, 106.6381081484211",JL KISAMAUN NO 193,,,082122375908,,,KLINIK TC,AKTIF
KANWIL DKI JAKARTA,PPK-512207,KLINIK FELIVY,"-6.2544406262012995, 106.60411717159906",RUKO DASANA INDAH BLOK SA NO 25,,,081382982861,,,KLINIK TC,AKTIF
KANWIL DKI JAKARTA,PPK-512432,KLINIK PRATAMA SISMA MEDIKAL SEMPER,"-6.112865738961558, 106.91780049645733",JL KESEMEK NO.5 RT 11/14 KEL.SEMPER BARAT KEC CILINCING JAKARTA UTARA,,,082112676504,,,KLINIK TC,AKTIF
KANWIL DKI JAKARTA,PPK-492087,KLINIK CITRA MEDIKA,"-6.189080450100404, 106.81392020397722",JL. KH MAS MANSYUR NO 60 KB. MELATI TANAH ABANG,021,22391255,08811303924,80886446,80886446,KLINIK TC,AKTIF
KANWIL DKI JAKARTA,PPK-512014,RSUD JATI PADANG,"-6.28552936704785, 106.84226250729368","JL RAYA RAGUNAN NO.16-17, KEL JATI PADANG, PASAR MINGGU",02122,,08998692,02122784448,02122784448,RUMAH SAKIT TC,AKTIF
KANWIL DKI JAKARTA,PPK-511933,KLINIK PT PANASONIC MANUFACTURING INDONESIA,"-6.349463168893166, 106.86010872783282",JL RAYA BOGOR KM 29 GANDARIA JAKARTA TIMUR,,,085695582635,,,KLINIK TC,AKTIF
KANWIL DKI JAKARTA,PPK-511934,KLINIK ANGGREK MEDIKA - PKP,"-6.340456446391405, 106.88694979645969",JL PKP RAYA NO 32 KELAPA DUA WETAN,,,087808031306,,,KLINIK TC,AKTIF
KANWIL DKI JAKARTA,PPK-511935,KLINIK ASRI MEDIKA II,"-6.253604699975438, 106.8273560773068",JL WARUNG BUNCIT RAYA NO 30,,,087808031306,,,KLINIK TC,AKTIF
KANWIL DKI JAKARTA,PPK-511936,KLINIK SETIA MEDIKA,"-6.247385270645137, 106.76480326917198",JALAN BINTARO PERMAI NO 7,,,087808031306,,,KLINIK TC,AKTIF
KANWIL DKI JAKARTA,PPK-511937,KLINIK MEDIKA 1 RADIO DALAM,"-6.2504399943444415, 106.79149381180012",JL RADIO DALAM RAYA NO 8,,,087808031306,,,KLINIK TC,AKTIF
KANWIL DKI JAKARTA,PPK-511938,KLINIK MEDIRA MANGGA BESAR,"-6.2864697863038375, 106.82564423969264",JL TAMAN MARGASATWA RAYA NO 24 JAKARTA TIMUR,,,087808031306,,,KLINIK TC,AKTIF
KANWIL DKI JAKARTA,PPK-511939,KLINIK CITRA MEDIKA CIBUBUR,"-6.34690350106973, 106.8669569791666",JL RAYA BOGOR KM 28 CIBUBUR JAKARTA TIMUR,,,087808031306,,,KLINIK TC,AKTIF
KANWIL DKI JAKARTA,PPK-511940,KLINIK MEDIKA SARTIKA,"-6.25190048773727, 106.86516260479016",JALAN DEWI SARTIKA NO 296,,,087808031306,,,KLINIK TC,AKTIF
KANWIL DKI JAKARTA,PPK-511941,KLINIK MEDIKA KRAMAT JATI,"-6.296648713707698, 106.8714248602319",JL RAYA BOGOR KM 22 NO 2,,,087808031306,,,KLINIK TC,AKTIF
KANWIL DKI JAKARTA,PPK-511942,KLINIK MEDISSA PONDOK BAMBU,"-6.2313341872969765, 106.89735231550962",JALAN PAHLAWAN REVOLUSI NO 5B,,,087808031306,,,KLINIK TC,AKTIF
KANWIL DKI JAKARTA,PPK-511943,KLINIK RAWASARI,"-6.187986291749963, 106.86180941912882",JL PERCETAKAN NEGARA NO 31 JAKARTA PUSAT,,,087808031306,,,KLINIK TC,AKTIF
KANWIL DKI JAKARTA,PPK-511944,KLINIK MEDISARI,"-6.185282168835171, 106.87033701179958",JL RAWASARI BARAT NO E 281 JAKARTA PUSAT,,,087808031306,,,KLINIK TC,AKTIF
KANWIL DKI JAKARTA,PPK-511945,KLINIK PATRIA MEDIKA,"-6.316585148134242, 106.89185099645943",JALAN BINA MARGA CIPAYUNG,,,087808031306,,,KLINIK TC,AKTIF
KANWIL DKI JAKARTA,PPK-511946,KLINIK SARTIKA,"-6.258852492881789, 106.86435647145603",JL DEWI SARTIKA NO 22 JAKARTA TIMUR,,,087808031306,,,KLINIK TC,AKTIF
KANWIL DKI JAKARTA,PPK-511877,KLINIK KELUARGA KITA,"-6.162307635203725, 106.85997337490036",JL SERDANG RAYA NO 16 RT 01 RW 04 KEL SERDANG KEC KEMAYORAN JAKARTA PUSAT,(021),(021) 4264000,085692082025,021 4264000,021 4264000,KLINIK TC,AKTIF
KANWIL DKI JAKARTA,PPK-501886,RSU ADHYAKSA,"-6.307921081569384, 106.89267781898023",JL RAYA HANKAM NO 60 CEGER CIPAYUNG,,,085643343396,,,RUMAH SAKIT TC,AKTIF
KANWIL DKI JAKARTA,PPK-501883,KLINIK PRATAMA AL FAUZAN,"-6.27989425519901, 106.85535250964185","JALAN RAYA CONDET NO. 08, BALEKAMBANG, JAKARTA TIMUR",,,081311408186,,,KLINIK TC,AKTIF
KANWIL DKI JAKARTA,PPK-501881,KLINIK BUDHI PRATAMA GEDONG,"-6.301448515191327, 106.85909755413",JL RAYA TENGAH NO 26 RT 006/001 GEDONG JAKARTA TIMUR,,,,,,KLINIK TC,AKTIF
KANWIL DKI JAKARTA,PPK-342719,KLINIK GLOBAL MEDIKA,,JL WALANG BARU RAYA BLOK T 01,021,45414541,087880002759,,,KLINIK TC,AKTIF
KANWIL DKI JAKARTA,PPK-492073,KLINIK SURYA MEDIKA 2,,RUKO GRAND SANGIANG JALAN RAYA VILLA,,,081291195356,,,KLINIK TC,AKTIF
KANWIL DKI JAKARTA,PPK-492060,KLINIK BINA HUSADA BAKTI,,JL RAYA PENGGILINGAN NO 12,,,,,,KLINIK TC,AKTIF
KANWIL DKI JAKARTA,PPK-492059,KLINIK RESTU IBU PEJATEN,,JALAN SWADAYA 1 NO 54 A-B,,,,,,KLINIK TC,AKTIF
KANWIL DKI JAKARTA,PPK-492058,KLINIK UTAMA BUDHI PRATAMA,,JL RAYA TENGAH NO 26 RT 006/001 GEDONG JAKARTA TIMUR,,,,,,KLINIK TC,AKTIF
KANWIL DKI JAKARTA,PPK-492033,KLINIK UTAMA RAWAT INAP ARAS,,"SRENGSENG SAWAH,",,,,,,KLINIK TC,AKTIF
KANWIL DKI JAKARTA,PPK-492022,KLINIK SUAKA INSANI,,JL RAYA SERANG- CIKUPA,,,085277231355,,,KLINIK TC,AKTIF
KANWIL DKI JAKARTA,PPK-492023,KLINIK SUMBER ASIH 2,,JL RAYA SERANG,,,085711146104,,,KLINIK TC,AKTIF
KANWIL DKI JAKARTA,PPK-492025,KLINIK BUNDA ASIH,,JL RAYA PASAR KEMIS,,,082277133592,,,KLINIK TC,AKTIF
KANWIL DKI JAKARTA,PPK-492026,KLINIK PRATAMA KK,,JL RAYA TANJUNG DUREN SELATAN,,,081291274843,,,KLINIK TC,AKTIF
KANWIL DKI JAKARTA,PPK-492088,KLINIK MEDIKA,,JL BATU AMPAR III NO 55 KRAMAT JATI,021,80884221,08811303924,80886446,80886446,KLINIK TC,AKTIF
KANWIL DKI JAKARTA,PPK-492090,KLINIK MITRA KJI,,JL MASJID AL AMIN NO 10 KRAMAT JATI,021,22802991,08811303924,80886446,80886446,KLINIK TC,AKTIF
KANWIL DKI JAKARTA,PPK-492085,KLINIK  MITRA CAKUNG,,JL. BALAI RAKYAT NO. 38 GEMPOL CAKUNG TIMUR,021,29844221,08811303924,80886446,80886446,KLINIK TC,AKTIF
KANWIL DKI JAKARTA,PPK-492089,KLINIK MGM 24,,"JL. INPRES NO 19 KP TENGAH, KRAMAT JATI",021,87787532,08811303924,80886446,80886446,KLINIK TC,AKTIF
KANWIL DKI JAKARTA,PPK-492091,KLINIK MITRA MEDIKA,,JL RAYA TIPAR CAKUNG NO 37 SUKAPURA,021,,08811303924,80886446,80886446,KLINIK TC,AKTIF
KANWIL DKI JAKARTA,PPK-491933,KLINIK TAWAKAL,,JL RAYA RAJEG-MAUK KP PABUARAN,,,081291195356,,,KLINIK TC,AKTIF
KANWIL DKI JAKARTA,PPK-491934,KLINIK KHADIMUL INSAN,,JL GATOT SUBROTO DUTA MAS PLAZA BLOK F NO 1 TANGGERANG,,,081291195356,,,KLINIK TC,AKTIF
KANWIL DKI JAKARTA,PPK-491977,KLINIK PRATAMA YAKRIJA,,JL. TERATAI PUTIH RAYA NO 9F MALAKA JAKARTA TIMUR,0812,12156555,081212156555,,,KLINIK TC,AKTIF
KANWIL DKI JAKARTA,PPK-491896,KLINIK NURMALA MEDIKA 2,,JL KAYU TINGGI NO.8,021,46830984,081389488383,46830984,46830984,KLINIK TC,AKTIF
KANWIL DKI JAKARTA,PPK-491895,KLINIK ZAFIRA MEDIKA KAYUMANIS,,JL KAYUMANIS TIMUR NO 37 MATRAMAN,,,,,,KLINIK TC,AKTIF
KANWIL DKI JAKARTA,PPK-491877,RUMAH SAKIT UMUM BUNDA JAKARTA,"-6.19577800753955, 106.83723291179967",JL TEUKU CIK DITIRO NO 21 JAKARTA,,,08156588996,08156588996,08156588996,RUMAH SAKIT TC,AKTIF
KANWIL DKI JAKARTA,PPK-491878,KLINIK PRATAMA MELATI,,JL PISANGAN LAMA III NO 7,,,,,,KLINIK TC,AKTIF
KANWIL DKI JAKARTA,PPK-481946,RS KHUSUS MATA SMEC JAKARTA,"-6.19085046003572, 106.88249270171832",JL PEMUDA NO 36 RAWAMANGUN,,,,,,RUMAH SAKIT TC,AKTIF
KANWIL DKI JAKARTA,PPK-481947,KLINIK SUCI HUSADA,,JL SUCI RT 008/06 NO 21 KEL SUSUKAN KEC CIRACAS,,,085310045925,,,KLINIK TC,AKTIF
KANWIL DKI JAKARTA,PPK-481945,KLINIK PRATAMA MEDIKASIH,,JL TAMAN MALAKA SELATAN BLOK K 16 NO 12-14,,,,,,KLINIK TC,AKTIF
KANWIL DKI JAKARTA,PPK-481944,KLINIK PRATAMA RATNASARI,,JL BAWAL RAYA NO 10 RAWAMANGUN,,,,,,KLINIK TC,AKTIF
KANWIL DKI JAKARTA,PPK-481898,PUSKESMAS KELURAHAN GELORA,"-6.210975049053817, 106.79658755597664",JL LAPANGAN TEMBAK NO 2 SENAYAN,,,0215743355,0215743355,0215743355,KLINIK TC,AKTIF
KANWIL DKI JAKARTA,PPK-481899,PUSKESMAS KELURAHAN PETAMBURAN,"-6.194844388765945, 106.80831505891113",JL PETAMBURAN IV JAKRTA PUSAT,021,021 53650696,021 53650696,021 53650696,021 53650696,KLINIK TC,AKTIF
KANWIL DKI JAKARTA,PPK-481901,PUSKESMAS KELURAHAN KAMPUNG BALI,"-6.184292794281711, 106.81727753965698",JL KAMPUNG BALI GG 23 JAKARTA PUSAT,021,021 3915071,021 3915071,021 3915071,021 3915071,KLINIK TC,AKTIF
KANWIL DKI JAKARTA,PPK-481900,PUSKESMAS KELURAHAN KARET TENGSIN,"-6.211918315366891, 106.81522722714125",JL KARET PASAR BARU BARAT VII/19,021,021 5743287,021 5743287,021 5743287,021 5743287,KLINIK TC,AKTIF
KANWIL DKI JAKARTA,PPK-481897,PUSKESMAS KECAMATAN TANAH ABANG,"-6.206641514317354, 106.80845577762794",JL DANAU TOBA BLOK A NO 1 BENDUNGAN HILIR TANAH ABANG,021,0215732767,021 5732767,0215732767,0215732767,KLINIK TC,AKTIF
KANWIL DKI JAKARTA,PPK-481887,KLINIK PRIMSTAR MEDIKA,,JL BALAP SEPEDA NO 3 VELODROME RAWAMANGUN,,,,,,KLINIK TC,AKTIF
KANWIL DKI JAKARTA,PPK-481888,KLINIK FAIRY,,JL PAHLAWAN REVOLUSI NO 8B PD BAMBU,,,,,,KLINIK TC,AKTIF
KANWIL DKI JAKARTA,PPK-481889,KLINIK MITRA,,JALAN RAYA PENGGILINGAN,0819,05613421,081386008080,,,KLINIK TC,AKTIF
KANWIL DKI JAKARTA,PPK-481882,KLINIK UTAMA ASSHOMADIYAH,,JL AL BAIDHO RAYA NO 2A RT 10/06 LUBANG BUAYA,,,081903022588,,,KLINIK TC,AKTIF
KANWIL DKI JAKARTA,PPK-481883,IN HOUSE KLINIK KANTOR KEMENTRIAN BUMN,,JL MEDAN MERDEKA SELATAN NO 13 JAKARTA PUSAT,021,42874313,081281651518,42874313,42874313,KLINIK TC,AKTIF
KANWIL DKI JAKARTA,PPK-481881,IN HOUSE KLINIK KANTOR PUSAT BPJS KESEHATAN,,JL LETJEN SUPRAPTO NO 12 JAKARTA PUSAT,021,42874313,081281651518,42874313,42874313,KLINIK TC,AKTIF
KANWIL DKI JAKARTA,PPK-481880,KLINIK CEMPAKA,,JL CEMPAKA PUTIH BARAT RAYA NO 1A JAKARTA PUSAT,021,42874313,081281651518,42874313,42874313,KLINIK TC,AKTIF
KANWIL DKI JAKARTA,PPK-472193,PUSKESMAS KELURAHAN KEDOYA UTARA,"-6.160329557929965, 106.76829738111637",JL DAAN MOGOT PESING KONENG RT 003/002 KEBON JERUK,021,56943877,085691679819,56943877,56943877,KLINIK TC,AKTIF
KANWIL DKI JAKARTA,PPK-472194,PUSKESMAS KELURAHAN KELAPA DUA,"-6.2078327111410845, 106.7694235387876",JL SASAK III RT 001/002 KEBON JERUK,021,0215301349,085691679819,0215301349,0215301349,KLINIK TC,AKTIF
KANWIL DKI JAKARTA,PPK-472195,PUSKESMAS KELURAHAN SUKABUMI UTARA,"-6.203221655387957, 106.77452504725417",JL HARUM RAYA RT 008/07 KEBON JERUK,021,0215362526,085691679819,0215362526,0215362526,KLINIK TC,AKTIF
KANWIL DKI JAKARTA,PPK-472197,PUSKESMAS KELURAHAN SUKABUMI SELATAN,"-6.2180047739126945, 106.76985742313497",POS PENGUMBEN KEC KEBON JERUK,021,,085691679819,,,KLINIK TC,AKTIF
KANWIL DKI JAKARTA,PPK-472198,PUSKESMAS KELURAHAN KEBON JERUK,"-6.190130577754451, 106.77896587667442",JL KARMEL RAYA RT 002/004 KEBON JERUK,021,53679240,085691679819,53679240,53679240,KLINIK TC,AKTIF
KANWIL DKI JAKARTA,PPK-472201,PUSKESMAS KELURAHAN DURI KEPA,"-6.180562226027346, 106.77552133699113",JL ANGSANA RAYA NO 1 KEBON JERUK,021,56944087,085691679819,56944087,56944087,KLINIK TC,AKTIF
KANWIL DKI JAKARTA,PPK-472199,KLINIK NAYAKA ERA HUSADA 01,,RAYA PONDOK GEDE RUKO MOLK 2B LUBANG BUAYA,,,08561108608,,,KLINIK TC,AKTIF
KANWIL DKI JAKARTA,PPK-472203,PUSKESMAS KELURAHAN KEDOYA SELATAN,"-6.180034753753171, 106.75957028999817",JL KEDOYA RAYA NO 47 KEBON JERUK,021,58303182,085691679819,58303182,58303182,KLINIK TC,AKTIF
KANWIL DKI JAKARTA,PPK-472204,PUSKESMAS KECAMATAN KEBON JERUK,"-6.198911697824235, 106.76532513820486",JL RAYA KEBON JERUK NO.2,021,54823671,085691679819,54823671,54823671,KLINIK TC,AKTIF
KANWIL DKI JAKARTA,PPK-472220,KLINIK PRATAMA DEVITA PROFIT,,JL RAYA JATINEGARA TIMUR NO 57,,,,,,KLINIK TC,AKTIF
KANWIL DKI JAKARTA,PPK-472062,KLINIK PRATAMA ANANDA,,JALAN MINI III NO 79 RT 12 RW 03,,,,,,KLINIK TC,AKTIF
KANWIL DKI JAKARTA,PPK-472047,RS. TK. IV CIJANTUNG KESDAM JAYA,"-6.306962461192972, 106.85893025775594",JL MAHONI CIJANTUNG II PASAR REBO,,,081286155792,,,RUMAH SAKIT TC,AKTIF
KANWIL DKI JAKARTA,PPK-342270,KLINIK PERMATA MEDIKA,,JL PLUMPANG SEMPER,,,089657604419,,,KLINIK TC,AKTIF
KANWIL DKI JAKARTA,PPK-472050,KLINIK PRATAMA DERMAGA RAYA,,JL DERMAGA RAYA NO 79 KLENDER,,86602590,86602590,86602590,86602590,KLINIK TC,AKTIF
KANWIL DKI JAKARTA,PPK-332229,KLINIK PERMATA MEDIKA,,JL RAYA TANJUNG BARAT NO  111B JAK-SEL,,,085774791339,,,KLINIK TC,AKTIF
KANWIL DKI JAKARTA,PPK-472054,PUSKESMAS KELURAHAN UNTUNG JAWA,"-5.979415781158097, 106.70773012554865",JL BUGENVIL KELURAHAN PULAU UNTUNG JAWA,,,,,,RUMAH SAKIT TC,AKTIF
KANWIL DKI JAKARTA,PPK-472065,PUSKESMAS KELURAHAN PULAU PARI,"-5.927506328317424, 106.58408040972539",PULAU LANCANG,,,,,,RUMAH SAKIT TC,AKTIF
KANWIL DKI JAKARTA,PPK-472046,PUSKESMAS KECAMATAN KEPULAUAN SERIBU SELATAN,"-5.799240476700625, 106.49981311909946",JALAN PANTAI SELATAN PULAU TIDUNG,,,087787239211,,,RUMAH SAKIT TC,AKTIF
KANWIL DKI JAKARTA,PPK-472045,RSUD MATRAMAN,"-6.2062875062155145, 106.86595306415234","JL KEBON KELAPA NO.5 UTAN KAYU SEL., MATRAMAN JAKARTA TIMUR",,85909055,85909055,,,RUMAH SAKIT TC,AKTIF
KANWIL DKI JAKARTA,PPK-411888,KLINIK PERTAMEDIKA BEKASI,,"RUKO KALIMALANG SQUARE BLOK J-17, JL RAYA KALIMALANG-BEKASI",021,02188962946,081389273983,02188962946,02188962946,RUMAH SAKIT TC,AKTIF
KANWIL DKI JAKARTA,PPK-411889,KLINIK PERTAMEDIKA JATIWARINGIN,,JL SANGATA BLOK 1 NO 1 PONDOK GEDE-BEKASI,021,02184990644,081389273983,02184990644,02184990644,RUMAH SAKIT TC,AKTIF
KANWIL DKI JAKARTA,PPK-461984,KLINIK ROYAL HEALTH CARE,,WISMA YAKYF LANTAI 1 JALAN BUNCIT RAYA NO. 99 JAKARTA 12740,021,0217940015,0811935249,0217985250,0217985250,KLINIK TC,AKTIF
KANWIL DKI JAKARTA,7889,KLINIK PRATAMA NAYAKA HUSADA 01,,JL. RAYA PONDOK GEDE RUKO MOLEK 2 B KEL. LUBANG BUAYA KEC PD. GEDE,021,8480206,,8480206,8480206,RS. TRAUMA CENTRE,AKTIF
KANWIL DKI JAKARTA,PPK-461877,KLINIKDK CEGER TANGSEL,,JL ABDUL HAMID NO 47 DEWI SATIKA CAWANG,,,085225353276,,,KLINIK TC,AKTIF
KANWIL DKI JAKARTA,PPK-461876,KLINIKDK BEKASI,,JL ABDUL HAMID NO 47 DEWI SATIKA CAWANG,,,,,,KLINIK TC,AKTIF
KANWIL DKI JAKARTA,PPK-461875,KLINIKDK BINTARO,,JL ABDUL HAMID NO 47 DEWI SATIKA CAWANG,,,085225353276,,,KLINIK TC,AKTIF
KANWIL DKI JAKARTA,PPK-451883,KLINIK ADVANCED MEDICAL CENTER,,JL. MUARA KARANG BLOK B 8T NO 81,021,66601062,081287197900,66601062,66601062,KLINIK TC,AKTIF
KANWIL DKI JAKARTA,PPK-441882,KLINIK GRAHA MANDIRI,,JL GEREJA THERESIA NO. 22 JAKARTA PUSAT,,,02139838556,,,KLINIK TC,AKTIF
KANWIL DKI JAKARTA,PPK-441883,KLINIK WISMA MANDIRI,,JL GEREJA THERESIA NO. 22 JAKARTA PUSAT,,,02139832805,,,KLINIK TC,AKTIF
KANWIL DKI JAKARTA,PPK-441884,KLINIK PLAZA MANDIRI,,JL GEREJA THERESIA NO. 22 JAKARTA PUSAT,,,0215245351,,,KLINIK TC,AKTIF
KANWIL DKI JAKARTA,PPK-441881,RS UMUM YPK MANDIRI,"-6.191269702490807, 106.82788921678022",JL GEREJA THERESIA NO. 22 JAKARTA PUSAT,,,0817192011,,,RUMAH SAKIT TC,AKTIF
KANWIL DKI JAKARTA,PPK-432032,KLINIK PRATAMA YAKRI TARUMA JAYA,,KP BOJONG KEL PANTAI MAKMUR KEC TARUMAJAYA,,,081574282254,,,KLINIK TC,AKTIF
KANWIL DKI JAKARTA,PPK-432029,BP HJ SRI LESTARI,,JL TIPAR SELATAN NO 28 RT 3/5,,,081284140482,,,KLINIK TC,AKTIF
KANWIL DKI JAKARTA,PPK-432012,PUSKESMAS KELURAHAN PANGGANG,"-5.737543178545072, 106.60140559537238",JL DERMAGA PULAU PANGGANG,,,081282471375,,,RUMAH SAKIT TC,AKTIF
KANWIL DKI JAKARTA,PPK-432013,PUSKESMAS KELURAHAN HARAPAN,"-5.500867144307994, 106.5495512583791",JL DERMAGA PULAU HARAPAN,,,087881625919,,,RUMAH SAKIT TC,AKTIF
KANWIL DKI JAKARTA,PPK-432031,KLINIK PRATAMA YAKRI,,JL TIPAR CAKUNG,,,085959666013,,,KLINIK TC,AKTIF
KANWIL DKI JAKARTA,PPK-432014,PUSKESMAS KECAMATAN KEPULAUAN SERIBU UTARA,"-5.653097892139416, 106.57163243166447",JL DERMAGA PULAU KELAPA,,,087787239211,,,RUMAH SAKIT TC,AKTIF
KANWIL DKI JAKARTA,PPK-432030,KLINIK PRATAMA LESTARI I,,JL MANGGAR BLOK Y,,,081284140482,,,KLINIK TC,AKTIF
KANWIL DKI JAKARTA,PPK-492024,KLINIK PRIMA MEDIKA,,JL GATOT SUBROTO,,,081377469306,,,KLINIK TC,AKTIF
KANWIL DKI JAKARTA,PPK-431928,KLINIK ARMADA MEDIKA 4,,JL RAYA KAPUK KAMAL NO 15,021,55964117,08158760778,,,KLINIK TC,AKTIF
KANWIL DKI JAKARTA,PPK-431929,KLINIK ARMADA MEDIKA 2,,RUKAN NIAGA GRISENDA BLOK F8/15A KAPUK MUARA,021,55964117,081385747744,,,KLINIK TC,AKTIF
KANWIL DKI JAKARTA,PPK-421875,RSIA ASIH,"-6.247835613203877, 106.80094686890452",JL PANGLIMA POLIM I NO 34 MELAWAI,021,,08159335511,002700610,002700610,RUMAH SAKIT TC,AKTIF
KANWIL DKI JAKARTA,PPK-421874,KLINIK PRATAMA KALIBATA,,JL RAYA PASAR MINGGU NO 8 JAKARTA SELATAN,021,79182929,021-79182929,79182929,79182929,KLINIK TC,AKTIF
KANWIL DKI JAKARTA,PPK-411885,KLINIK PERTAMEDIKA CINERE,,"JL CINERE RAYA NO 11B , CINERE-DEPOK",,0217535022,081389273983,,,RUMAH SAKIT TC,AKTIF
KANWIL DKI JAKARTA,PPK-411886,KLINIK PERTAMEDIKA DEPOK,,"JALAN MARGONDA RAYA NO 270 , KEL KEMIRI MUKA KEC BEJI , DEPOK",,77219363/77,081389273983,,,RUMAH SAKIT TC,AKTIF
KANWIL DKI JAKARTA,PPK-411887,KLINIK PERTAMEDIKA BOGOR,,JALAN PANDAWA BLOK A-1 NO 14 & 15 BANTAR JATI II BUMI INDAH PRASTAL-BOGOR UTARA,0251,02518336597,081389273983,,,RUMAH SAKIT TC,AKTIF
KANWIL DKI JAKARTA,PPK-411890,PKM KEL JATI PULO II,"-6.179723393085131, 106.8081144042426",JL SEMANGKA,,02156940316,081283033770,,,KLINIK TC,AKTIF
KANWIL DKI JAKARTA,PPK-411891,PKM KEL SLIPI II,"-6.197217215105795, 106.8025409426466",JL KS TUBUN IV NO 140,,0215306265,081283033770,,,KLINIK TC,AKTIF
KANWIL DKI JAKARTA,PPK-411892,PKM KEL PALMERAH II,"-6.202308082132901, 106.78736927257847",JL RAWA BELONG NO 11 E,,0215347336,081283033770,,,KLINIK TC,AKTIF
KANWIL DKI JAKARTA,PPK-411893,PKM KEL KOTA BAMBU UTARA,"-6.183129012047436, 106.80872412737598",JL PONDOK BANDUNG,,02156940557,081283033770,,,KLINIK TC,AKTIF
KANWIL DKI JAKARTA,PPK-411894,PKM KEL KOTA BAMBU SELATAN,"-6.186360045520677, 106.80744419017606",JL KS TUBUN I /27 KOTA BAMBU,,0215694015,081283033770,,,KLINIK TC,AKTIF
KANWIL DKI JAKARTA,PPK-411895,PKM KEL JATI PULO I,"-6.176969062283807, 106.80387613105343",JL WARU NO 1 A JAKARTA BARAT,,0215483693,081283033770,,,KLINIK TC,AKTIF
KANWIL DKI JAKARTA,PPK-411896,PKM KEL SLIPI I,"-6.192211684861345, 106.8027296535781",JL KS TUBUN II,,,081283033770,,,KLINIK TC,AKTIF
KANWIL DKI JAKARTA,PPK-411897,PKM KEL KEMANGGISAN,"-6.191841832851842, 106.79566511963402",JL ANGGREK GARUDA BLOK D NO 4,021,0215483693,081283033770,,,KLINIK TC,AKTIF
KANWIL DKI JAKARTA,PPK-411898,PKM KEL PALMERAH I,"-6.201552095770318, 106.7913243330429",JL KEMANGGISAN PULO NO 20 KEC PALMERAH JAKARTA BARA,021,,081283033770,,,KLINIK TC,AKTIF
KANWIL DKI JAKARTA,7046,KLINIK SUMBER SEHAT,,"JL. PERCETAKAN NEGARA 2 BLOK J NO. 14-15, KELURAHAN JOHAR BARU",021,4240700,IBU TRIYANI,4240700,4240700,RS. TRAUMA CENTRE,AKTIF
KANWIL DKI JAKARTA,PPK-432033,KLINIK WIJAYA MEDIKA,,JL TIPAR CAKUNG NO 33 SUKAPURA,021,44835339,081281814189,081281814189,081281814189,KLINIK TC,AKTIF
KANWIL DKI JAKARTA,PPK-381874,PUSKESMAS KELURAHAN  GROGOL UTARA 2,"-6.209823947331629, 106.79023266503165",JL KEMANDORAN I,,,081319556820,,,KLINIK TC,AKTIF
KANWIL DKI JAKARTA,PPK-381875,PUSKESMAS KELURAHAN GROGOL UTARA 1,"-6.215193204277391, 106.77866497708669",JL TANAH BARU V,,,081319556820,,,KLINIK TC,AKTIF
KANWIL DKI JAKARTA,PPK-381876,PUSKESMAS KELURAHAN GROGOL SELATAN,"-6.231223982605609, 106.78092871662352",JL KUBUR ISLAM,,,081319556820,,,KLINIK TC,AKTIF
KANWIL DKI JAKARTA,PPK-381877,PUSKESMAS KELURAHAN CIPULIR 2,"-6.236590781232454, 106.77958801358218",JL KEBUN MANGGA,,,081319556820,,,KLINIK TC,AKTIF
KANWIL DKI JAKARTA,PPK-381878,PUSKESMAS KELURAHAN CIPULIR 1,"-6.235752463861067, 106.77545835471452",JL CIPULIR 1,,,081319556820,,,KLINIK TC,AKTIF
KANWIL DKI JAKARTA,PPK-381879,PUSKESMAS KELURAHAN KEBAYORAN LAMA UTARA,"-6.246348520241464, 106.77251635965513",JL DELMAN UTAMA I,,,081319556820,,,KLINIK TC,AKTIF
KANWIL DKI JAKARTA,PPK-381880,PUSKESMAS KELURAHAN PONDOK PINANG,"-6.277210754008732, 106.77253093622227",JL CIPUTAT RAYA PONDOK PINANG,,,081319556820,,,KLINIK TC,AKTIF
KANWIL DKI JAKARTA,PPK-381881,PUSKESMAS KECAMATAN KEBAYORAN LAMA,"-6.249719884819717, 106.77831291026858",JL CIPUTAT RAYA,,,081319556820,,,KLINIK TC,AKTIF
KANWIL DKI JAKARTA,PPK-351915,PUSKESMAS KELURAHAN PEGANGSAAN,"-6.206722599191768, 106.84827914659847",JL TAMBAK NO 28 PEGANGSAAN,021,021 3925445,021 3925445,081386369200,081386369200,KLINIK TC,AKTIF
KANWIL DKI JAKARTA,PPK-351916,PKM KEC PALMERAH,"-6.208074400567148, 106.78883754772221",JL PALMERAH BARAT NO 120 RT 06 RW 014 PALMERAH,021,0215483693,081283033770,,,KLINIK TC,AKTIF
KANWIL DKI JAKARTA,PPK-343084,KLINIK ANGGREK TELUK MAS,,RUKO TELUK MAS JL WIJAYA NO 20 C 7 JAKARTA UTARA,021,021-66605288,021-66605288,021-6501594,021-6501594,KLINIK TC,AKTIF
KANWIL DKI JAKARTA,PPK-343085,KLINIK ANGGREK CITRA GARDEN,,PERUMAHAN CITRA GARDEN 6 BLOK H1A NO 15 KEL TEGAL ALUR JAKARTA BARAT,021,021-22552437,021-22552437,021-6501594,021-6501594,KLINIK TC,AKTIF
KANWIL DKI JAKARTA,PPK-343083,KLINIK ANGGREK SUNTER KEMAYORAN,,JL SUNTER KEMAYORAN NO 17D KEL SUNTER JAYA KEC TANJUNG PRIOK JAKARTA UTARA,021,021 6501594,021 6501594,021-6501594,021-6501594,KLINIK TC,AKTIF
KANWIL DKI JAKARTA,PPK-343082,RUMAH SAKIT PERTAMINA,"-6.239938346127161, 106.79323559845383",JLN KYAI MAJA NO 43 KEBAYORAN BARU JAKARTA SELATAN,,0217219972,0217219972,,,RUMAH SAKIT TC,AKTIF
KANWIL DKI JAKARTA,PPK-342885,KLINIK PT TAINAN CIANJUR,,KBN CAKUNG,,,085691720792,,,KLINIK TC,AKTIF
KANWIL DKI JAKARTA,PPK-342886,KLINIK PT TAINAN 3,,JL IRIAN BLOK E KBN CAKUNG,,,083876541746,,,KLINIK TC,AKTIF
KANWIL DKI JAKARTA,PPK-342849,PUSKESMAS KEC. TAMBORA,"-6.148132256540951, 106.80464654272416",JL. KRENDANG UTARA NO 4,,0216318822,081380379611,,,KLINIK TC,AKTIF
KANWIL DKI JAKARTA,PPK-342850,KLINIK LANTANA MEDIKA,,"JL. MAMPANG PRAPATAN RAYA NO. 19A, MAMPANG PRAPATAN ,JAKARTA SELATAN",021,22793488,0838806430213,,,KLINIK TC,AKTIF
KANWIL DKI JAKARTA,PPK-342851,KLINIK PT TAINAN V,,KBN CAKUNG JL IRIAN BLOK E NO 26-27,,,085691720792,,,KLINIK TC,AKTIF
KANWIL DKI JAKARTA,PPK-342778,PUSKESMAS KELURAHAN JAGAKARSA 2,"-6.319291325536689, 106.82467339892992",JL. JATI PADANG UJUNG RT.12,,,,,,KLINIK TC,AKTIF
KANWIL DKI JAKARTA,PPK-342791,PUSKESMAS KEL. KALIANYAR TAMBORA,"-6.15619332164589, 106.7994729606694",JL. KALIANYAR IV GG. 2,,0216314812,081380379611,,,KLINIK TC,AKTIF
KANWIL DKI JAKARTA,PPK-342789,PUSKESMAS KEL. DURI UTARA,"-6.1509790179366135, 106.80599883935436",JL. DURI UTARA II NO. 23,,0216301972,081380379611,,,KLINIK TC,AKTIF
KANWIL DKI JAKARTA,PPK-342790,PUSKESMAS KEL. JEMBATAN BESI,"-6.150440378607423, 106.80066730016831",JL. JEMBATAN BESI II,,02163868979,081380379611,,,KLINIK TC,AKTIF
KANWIL DKI JAKARTA,PPK-342788,PUSKESMAS KEL. ANGKE,"-6.144036244798341, 106.79953156643369",JL. ANGKE INDAH GG. 7,,0216347870,081380379611,,,KLINIK TC,AKTIF
KANWIL DKI JAKARTA,PPK-342794,PUSKESMAS KEL. TAMBORA,"-6.145348787442086, 106.81019348278217",JL. TAMBORA DALAM NO 6,,0216319774,081380379611,,,KLINIK TC,AKTIF
KANWIL DKI JAKARTA,PPK-342793,PUSKESMAS KEL. ROA MALAKA,"-6.1357215049030955, 106.80912897399004",JL. TIANG BENDERA III NO 52,,0216929267,,,,KLINIK TC,AKTIF
KANWIL DKI JAKARTA,PPK-342795,PUSKESMAS KEL.PEKOJAN 2,"-6.1393873012888625, 106.80058758675308",JL. AA NO. 50 KP JANIS,,0216913719,081380379611,,,KLINIK TC,AKTIF
KANWIL DKI JAKARTA,PPK-342732,PUSKESMAS KELURAHAN CIGANJUR,"-6.339975364586007, 106.80693024484454",JL. KEMENYAN NO.67 RT.07 RW. 05 KELURAHAN CIGANJUR KECAMATAN JAGAKARSA JAKARTA SELATAN,,,,,,KLINIK TC,AKTIF
KANWIL DKI JAKARTA,PPK-342731,PUSKESMAS KELURAHAN  LENTENG AGUNG II,"-6.340563602683116, 106.83767752775812",JL. CAMAT GABUN GANG SUBUR RT.09 RW.08 KELURAHAN LENTENG AGUNG KECAMATAN  JAGAKARSA JAKARTA SELATAN,,,,,,KLINIK TC,AKTIF
KANWIL DKI JAKARTA,PPK-342730,PUSKESMAS KELURAHAN LENTENG AGUNG I,"-6.3252039492523995, 106.8377046058973",JL. LENTENG AGUNG ( LONTAR ) RT.08 RW.03 KECAMATAN JAGAKARSA JAKARTA SELATAN,,,,,,KLINIK TC,AKTIF
KANWIL DKI JAKARTA,PPK-342725,PUSKESMAS KELURAHAN JAGAKARSA I,"-6.329006982366145, 106.82013597592064",JL JAGAKARSA I NO.15,,,,,,KLINIK TC,AKTIF
KANWIL DKI JAKARTA,PPK-342792,PUSKESMAS KEL. PEKOJAN 1,"-6.133542855148014, 106.80328829301622",JL BANDENGAN UTARA I NO 46 TAMBORA JAKBAR,,0216906376,081380379611,0216906376,0216906376,KLINIK TC,AKTIF
KANWIL DKI JAKARTA,PPK-342729,KLINIK INDOSEHAT 2003 CILINCING,,JL RAYA CILINCING RT 3/7,,,085723233290,,,KLINIK TC,AKTIF
KANWIL DKI JAKARTA,PPK-342726,KLINIK INDOSEHAT 2003 WARAKAS VII,,JL WARAKAS VII GG VIII NO 59,,,085723233290,,,KLINIK TC,AKTIF
KANWIL DKI JAKARTA,PPK-342727,KLINIK INDOSEHAT 2003 WARAKAS I,,JL WARAKAS 1,,,085723233290,,,KLINIK TC,AKTIF
KANWIL DKI JAKARTA,PPK-342728,BALKESMAS DWI AYU,,JL ROROTAN II,,,082213822001,,,KLINIK TC,AKTIF
KANWIL DKI JAKARTA,PPK-342718,SYIFA MEDICAL CENTER,,JL LONTAR LUAR NO 7,,,08159640685,,,KLINIK TC,AKTIF
KANWIL DKI JAKARTA,PPK-342720,KLINIK SPESIALIS ZAMZAM,,JL RC VETERAN NO.2-3,021,,081280723455,,,KLINIK TC,AKTIF
KANWIL DKI JAKARTA,PPK-342796,RS KARTIKA PULOMAS,"-6.175922586554833, 106.8847430021717",JL PULOMAS TIMUR K/2 KAYU PUTIH,,,089608511043,,,RUMAH SAKIT TC,AKTIF
KANWIL DKI JAKARTA,PPK-342698,KLINIK PRATAMA ST CAROLUS CENGKARENG,"-6.147411831257918, 106.73668668821858","JL PUSPA RAYA NO 1 KEL CENGKARENG TIMUR, KEC CENGKARENG, JAKARTA BARAT",021,0216194485,08129981350,,,KLINIK TC,AKTIF
KANWIL DKI JAKARTA,PPK-342699,KLINIK PRATAMA ST CAROLUS SAMADI KLENDER,"-6.218211941656998, 106.90487931681056","JL BULAK RAYA NO 58, KEC KLENDER, DUREN SAWIT, JAK-TIM",021,0218615514,08129981350,0218615514,0218615514,KLINIK TC,AKTIF
KANWIL DKI JAKARTA,PPK-342700,KLINIK PRATAMA ST CAROLUS CIJANTUNG,"-6.320551891617862, 106.86421606652826","JL RAYA BOGOR KM 24,6, KEL CIJANTUNG, KEC PASAR REBO, JAKARTA TIMUR",021,02187780420,08129981350,02187780420,02187780420,KLINIK TC,AKTIF
KANWIL DKI JAKARTA,PPK-342701,KLINIK PRATAMA ST YOSEF,"-6.1171921374147376, 106.88193661442064","JL GANGGENG VI NO 9 KEL SUNGAI BAMBU, KEC TANJUNG PRIOK , JAKARTA UTARA",021,0214301706,08129981350,0214301706,0214301706,KLINIK TC,AKTIF
KANWIL DKI JAKARTA,PPK-342702,KLINIK PRATAMA ST CAROLUS PASEBAN,"-6.195231999085792, 106.85029642695237","JL SALEMBA RAYA NO 33 KEL.PASEBAN, KEC SNEN, JAK-PUS",021,0213904441,08129981350,0213904441,0213904441,KLINIK TC,AKTIF
KANWIL DKI JAKARTA,PPK-342681,KLINIK CIPUTRA,,"JALAN CITRA 2 BLOK J 2, CITRA GARDEN CITY PEGADUNGAN",021,29038871,0812 8180 7802,29038871,29038871,KLINIK TC,AKTIF
KANWIL DKI JAKARTA,PPK-342657,RUMAH SAKIT UMUM KEPULAUAN SERIBU,"-5.7448414522905304, 106.61344656437524","PULAU PRAMUKA, KEL. PULAU PANGGANG KEC. KEPULAUAN SERIBU UTARA",021,26071997,082297224997,,,RUMAH SAKIT TC,AKTIF
KANWIL DKI JAKARTA,PPK-342797,RUMAH SAKIT PURI CINERE,"-6.321846032005092, 106.78277503013524",JL MARIBAYA NO.1 PURI CINERE,,,,,,RUMAH SAKIT TC,AKTIF
KANWIL DKI JAKARTA,PPK-342724,PUSKESMAS KECAMATAN JAGAKARSA,"-6.336709622589993, 106.81755160235097",JL BATU NO 1 RT13/RW 09 SRENGSENG SAWAH,,,,,,RUMAH SAKIT TC,AKTIF
KANWIL DKI JAKARTA,PPK-342544,PUSKESMAS KELURAHAN TANAH TINGGI,"-6.1802104740967385, 106.84738966474521",JL TANAH TINGGI IV GG VII NO 15-16 RT 09 RW 06,,,,,,KLINIK TC,AKTIF
KANWIL DKI JAKARTA,PPK-342545,PUSKESMAS KELURAHAN KAMPUNG RAWA,"-6.179280955904043, 106.85523072071423",JL RAWA SELATAN IV RT 10 RW 04,021,021-4256445,,,,KLINIK TC,AKTIF
KANWIL DKI JAKARTA,PPK-342546,PUSKESMAS KELURAHAN GALUR,"-6.177503582109083, 106.85687420139033",JL RAWA TENGAH RT 11 RW 06,,,,,,KLINIK TC,AKTIF
KANWIL DKI JAKARTA,PPK-342547,PUSKESMAS KELURAHAN JOHAR BARU III,"-6.181942001134228, 106.8522271487839",JL KRAMAT JAYA BARU RTN13 RW 01,021,021-4219544,,,,KLINIK TC,AKTIF
KANWIL DKI JAKARTA,PPK-342551,PUSKESMAS KELURAHAN JOHAR BARU II,"-6.185704133739685, 106.8563955531689",JL PERCETAKAN NEGARA II A NO 1 RT 11,021,021-4229102,,,,KLINIK TC,AKTIF
KANWIL DKI JAKARTA,PPK-342556,PUSKESMAS KECAMATAN JOHAR BARU,"-6.181948658237256, 106.861594201506",JALAN MARDANI RAYA NO 36 JOHAR BARU,021,021-4256443,0895344900699,021-4256443,021-4256443,KLINIK TC,AKTIF
KANWIL DKI JAKARTA,PPK-342460,PUSKESMAS KELURAHAN PADEMANGAN BARAT II,"-6.13549169687983, 106.83792539303393",JALAN WASPADA RAYA GG B2 JAKARTA UTARA,,,089611316896,,,KLINIK TC,AKTIF
KANWIL DKI JAKARTA,PPK-342461,PUSKESMAS KELURAHAN PADEMANGAN BARAT I,"-6.137747193712977, 106.8366300527164",JL AMPERA BESAR JAKARTA UTARA,,,,,,KLINIK TC,AKTIF
KANWIL DKI JAKARTA,PPK-342463,PUSKESMAS KELURAHAN ANCOL,"-6.124170103297979, 106.81759100845426",JL ANCOL BARAT VIII JAKARTA UTARA,,,,,,KLINIK TC,AKTIF
KANWIL DKI JAKARTA,PPK-342464,PUSKESMAS KECAMATAN PADEMANGAN,"-6.136669379650723, 106.8436584004815",JL PADEMANGAN II GANG 22 NO 2 JAKARTA UTARA.,,,081284898602,,,KLINIK TC,AKTIF
KANWIL DKI JAKARTA,PPK-342273,PRAKTEK DOKTER UMUM DAN GIGI DR. EMPAT PATONAH DRG FORPRI ARIFIN,,JL MENCENG RAYA NO 61 CENGKARENG BARAT,,,089621221546,,,KLINIK TC,AKTIF
KANWIL DKI JAKARTA,PPK-342141,PUSKESMAS KELURAHAN  KARET,"-6.214126515651117, 106.82423142388528",JL.KOMANDO UJUNG SETIABUDI,021,0215264352,081908625070,0215264352,0215264352,KLINIK TC,AKTIF
KANWIL DKI JAKARTA,PPK-342023,KLINIK MILLENNIUM SEHAT,,JL PULOGEBANG NO. 37 RT 1 UJUNG MENTENG CAKUNG JAK-TIM,021,0004804304,081318133529,0004804304,0004804304,KLINIK TC,AKTIF
KANWIL DKI JAKARTA,PPK-342024,PUSKESMAS KELURAHAN PEJATEN TIMUR,"-6.294349850336089, 106.8451119155968", JL. SWADAYA I NO 28 RT 06/10,,0217812870,08979854589,0217812870,0217812870,KLINIK TC,AKTIF
KANWIL DKI JAKARTA,PPK-342030,PUSKESMAS KELURAHAN CILANDAK TIMUR,"-6.279298270059818, 106.81502841945438",JL. MADRASAH NO. 11 RT10 / RW04,,0217814555,08979854589,0217814555,0217814555,KLINIK TC,AKTIF
KANWIL DKI JAKARTA,PPK-342031,PUSKESMAS KELURAHAN RAGUNAN,"-6.301405808750284, 106.8205771263",JL. HARSONO RM RT 07 / RW 04,,0217812770,08979854589,0217812770,0217812770,KLINIK TC,AKTIF
KANWIL DKI JAKARTA,PPK-342029,PUSKESMAS KELURAHAN JATI PADANG,"-6.286501775932799, 106.82670776796468",JL. RAGUNAN RAYA NO.25 RT04/05,,0217891118,08979854589,,,KLINIK TC,AKTIF
KANWIL DKI JAKARTA,PPK-342028,PUSKESMAS KELURAHAN KEBAGUSAN,"-6.29785293215677, 106.82705921306257","GG. PUSKESMAS, RT.5/RW.1, KEBAGUSAN, PS. MINGGU",,0217803117,08979854589,,,KLINIK TC,AKTIF
KANWIL DKI JAKARTA,PPK-341950,PUSKESMAS KELURAHAN PESANGGRAHAN,"-6.252205429529657, 106.75610975883897",JL WIJAYA KUSUMA NO 1,,,,,,KLINIK TC,AKTIF
KANWIL DKI JAKARTA,PPK-341951,PUSKESMAS KELURAHAN ULUJAMI,"-6.245219591804519, 106.7621861404533",JL PUSKESMAS ULUJAMI,,0217377862,,,,KLINIK TC,AKTIF
KANWIL DKI JAKARTA,PPK-341952,PUSKESMAS KELURAHAN PETUKANGAN SELATAN,"-6.241037626456169, 106.75413919561535",JL KEMAJUAN,,,,,,KLINIK TC,AKTIF
KANWIL DKI JAKARTA,PPK-341953,PUSKESMAS KELURAHAN PETUKANGAN UTARA,"-6.226552062854476, 106.75302290853544",JL MASJID DARUL FALAH,,(021) 5866379,,,,KLINIK TC,AKTIF
KANWIL DKI JAKARTA,PPK-342032,PUSKESMAS KELURAHAN PASAR MINGGU,"-6.298194912736409, 106.83903701525549",KOMP. TN AL  JL  B2  RAWA BAMBU RT 008 /RW 007,,0217829927,08979854589,,,KLINIK TC,AKTIF
KANWIL DKI JAKARTA,PPK-341954,PUSKESMAS KECAMATAN PESANGGRAHAN,"-6.223787520913111, 106.75987461213343",JL MUFAKAT B0.1 RT.01 RW.03 BINTARO PESANGGRAHAN,021,0217356807,085782224155,,,KLINIK TC,AKTIF
KANWIL DKI JAKARTA,PPK-342025,PUSKESMAS KELURAHAN PEJATEN BARAT 3,"-6.269853824168822, 106.83764766983492",JL. SIAGA RAYA KOMP. BAPPENAS,,0217943777,08979854589,,,KLINIK TC,AKTIF
KANWIL DKI JAKARTA,PPK-342026,PUSKESMAS KELURAHAN PEJATEN BARAT 2,"-6.268420055547259, 106.84014647327558",JL MASJID AL-FAJRI RT 018 RW 001 JAKARTA SELATAN,,0217949982,,0217949982,0217949982,KLINIK TC,AKTIF
KANWIL DKI JAKARTA,PPK-342027,PUSKESMAS KELURAHAN PEJATEN BARAT 1,"-6.279005816715975, 106.83043591011199",JL PEJATEN BARAT NO 2RT 01 RW 07,,0217949636,,0217949636,0217949636,KLINIK TC,AKTIF
KANWIL DKI JAKARTA,PPK-342033,PUSKESMAS KECAMATAN PASAR MINGGU,"-6.320837993035661, 106.82570187887008",JL KEBAGUSAN RAYA NO 4 RT 004  RW  004 JAKSEL,,0217814716,08979854589,0217814716,0217814716,KLINIK TC,AKTIF
KANWIL DKI JAKARTA,PPK-341940,PUSKESMAS KELURAHAN MANGGARAI SELATAN,"-6.2175045396461615, 106.84724848457428",JL.RAMBUTAN NO.4 C,021,021-22083779,085776410797,021-22083779,021-22083779,KLINIK TC,AKTIF
KANWIL DKI JAKARTA,PPK-341905,RS ST CAROLUS,"-6.195511268492739, 106.85136970014875",JL SALEMBA RAYA NO 41 JAKARTA PUSAT,021,0213904441,08998151666,,,RUMAH SAKIT TC,AKTIF
KANWIL DKI JAKARTA,PPK-332846,RS MEDIROS,"-6.1798444066657385, 106.90379536895695",JL PERINTIS KEMERDEKAAN KAV 149,,,08174803760,,,RUMAH SAKIT TC,AKTIF
KANWIL DKI JAKARTA,PPK-332785,BALAI LATIHAN KERJA PROPINSI JAKARTA SELATAN,"-6.271622890947988, 106.83126477703044",BUNCIT RAYA NO.440 MAMPANG,,,,,,BLK / TRAINING CENTRE,AKTIF
KANWIL DKI JAKARTA,PPK-332782,RS PETUKANGAN,"-6.23683149844197, 106.751701324957",JL CILEDUG RAYA NO 8A PETUKANGAN,,,,,,RUMAH SAKIT TC,AKTIF
KANWIL DKI JAKARTA,PPK-332757,PUSKESMAS KELURAHAN KUNINGAN TIMUR,"-6.231668183730313, 106.8255594320698",JL.GURU MUGNI NO.12,021,21-29201524,087885624885,021-29201524,021-29201524,KLINIK TC,AKTIF
KANWIL DKI JAKARTA,PPK-332758,PUSKESMAS KELURAHAN SETIABUDI,"-6.208331328301611, 106.8239784441156",JL.SETIABUDI NO.18 12910,021,2021-52922016,081212480644,021-52922016,021-52922016,KLINIK TC,AKTIF
KANWIL DKI JAKARTA,PPK-332754,PUSKESMAS KELURAHAN MENTENG ATAS,"-6.219707061932989, 106.84429443442366",JL.MAKMUR RAYA GG SUBUR,021,0218305394,081311574845,0218305394,0218305394,KLINIK TC,AKTIF
KANWIL DKI JAKARTA,PPK-332755,PUSKESMAS KELURAHAN KARET KUNINGAN,"-6.219774103665796, 106.82450090661587",JL.ANGGREK VII NO.22,021,02129410602,085724507627,021-29410602,021-29410602,KLINIK TC,AKTIF
KANWIL DKI JAKARTA,PPK-332756,PUSKESMAS KELURAHAN BUKIT DURI,"-6.219782385826954, 106.85814374115424",JL.BUKIT DURI TANJAKAN DALAM NO.15,021,0218352556,087885588222,021-8352556,021-8352556,KLINIK TC,AKTIF
KANWIL DKI JAKARTA,PPK-332725,PUSKESMAS KELURAHAN LEBAK BULUS,"-6.307472936385546, 106.77991229274276",JL PUSKESMAS NO 18-19,,,,,,RUMAH SAKIT TC,AKTIF
KANWIL DKI JAKARTA,PPK-332724,PUSKESMAS KELURAHAN CIPETE SELATAN,"-6.2760235596384595, 106.80469546929614",JL ANGGUR II KOMPLEKS BRI,,,,,,RUMAH SAKIT TC,AKTIF
KANWIL DKI JAKARTA,PPK-332723,PUSKESMAS KELURAHAN GANDARIA UTARA,,JL PONCOL RAYA NO 1,,,,,,RUMAH SAKIT TC,AKTIF
KANWIL DKI JAKARTA,PPK-332721,PUSKESMAS KELURAHAN PONDOK LABU,"-6.306830304553275, 106.79294331501484",JL KELURAHAN LAMA NO.2,,,,,,RUMAH SAKIT TC,AKTIF
KANWIL DKI JAKARTA,PPK-332720,PUSKESMAS KELURAHAN CILANDAK BARAT,"-6.285823821470369, 106.80533937440799",JL SAKURA NO.127,,,,,,RUMAH SAKIT TC,AKTIF
KANWIL DKI JAKARTA,PPK-332722,PUSKESMAS KECAMATAN CILANDAK,"-6.286804725563133, 106.79321147769886",JL KOMPLEKS BNI 1946,,,081317316908,,,RUMAH SAKIT TC,AKTIF
KANWIL DKI JAKARTA,PPK-332711,PUSKESMAS KELURAHAN KALIBATA 2,"-6.265755107122926, 106.8320752915349",JL H SAMALI RT 10 RW 09,021,0217946642,085104957512,,,KLINIK TC,AKTIF
KANWIL DKI JAKARTA,PPK-332707,PUSKESMAS KELURAHAN KALIBATA 1,"-6.261096531422712, 106.8458528919639",JL MEGARAYA VII NO 1,021,0217946642,085104957512,,,KLINIK TC,AKTIF
KANWIL DKI JAKARTA,PPK-332714,PUSKESMAS KELURAHAN RAWAJATI 2,"-6.257622373214407, 106.85844499700657",JL BINA WARGA NO 11 RT 001 RW 007,021,0217946634,085104957512,,,KLINIK TC,AKTIF
KANWIL DKI JAKARTA,PPK-332710,PUSKESMAS KELURAHAN RAWAJATI 1,"-6.26107700226822, 106.85736814119672",JL ZENI AD V NO 32A RT 004 RW 003 PANCORAN  JAK-SEL,021,0217980483,085104957512,,,KLINIK TC,AKTIF
KANWIL DKI JAKARTA,PPK-332708,PUSKESMAS KELURAHAN CIKOKO,"-6.2463267864338565, 106.85967041119851",JL CIKOKO TIMUR RAYA NO 5A RT 002 RW 001 CIKOKO PANCORAN JAK-SEL,021,0217946051,085104957512,,,KLINIK TC,AKTIF
KANWIL DKI JAKARTA,PPK-332713,PUSKESMAS KELURAHAN PENGADENGAN,"-6.250980398804306, 106.85837724287597",JL PENGADEGAN TIMUR RAYA RT 001 RW 001,021,0217946050,085104957512,,,KLINIK TC,AKTIF
KANWIL DKI JAKARTA,PPK-332709,PUSKESMAS KELURAHAN DUREN TIGA,"-6.2532262614615055, 106.84658683924329",JL H  MAHMUD RAYA NO 8 RT 003 RW 04 JAKSEL,021,0217944040,085104957512,,,KLINIK TC,AKTIF
KANWIL DKI JAKARTA,PPK-332712,PUSKESMAS KELURAHAN PANCORAN,"-6.2501066788534105, 106.8375454738607",PANCORAN BARAT IV RT013 RW 006,021,0217945346,085104957512,,,KLINIK TC,AKTIF
KANWIL DKI JAKARTA,PPK-332706,PUSKESMAS KECAMATAN PANCORAN,"-6.255065585500304, 106.83926369036132",JL POTLOT II NO 6 DUREN TIGA PANCORAN RT001 RW 006 DUREN TIGA PANCORAN,021,0217974024,085104957512,0217974024,0217974024,KLINIK TC,AKTIF
KANWIL DKI JAKARTA,PPK-332674,PUSKESMAS KELURAHAN PINANG RANTI,"-6.293927386357012, 106.88501117132543","Jl. Pinang Ranti No.50/51, RT.4/RW.2, Pinang Ranti, Kec. Makasar, Kota Jakarta Timur, Daerah Khusus Ibukota Jakarta 13560",,,,,,KLINIK TC,AKTIF
KANWIL DKI JAKARTA,PPK-332673,PUSKESMAS KELURAHAN MAKASAR,"-6.271442010410369, 106.87575678103859","Jl. Masjid Al-Munir Rt. 013 / 002, Makasar, RT.13/RW.2, Makasar, Jakarta Timur, Kota Jakarta Timur, Daerah Khusus Ibukota Jakarta 13570",,,,,,KLINIK TC,AKTIF
KANWIL DKI JAKARTA,PPK-332672,PUSKESMAS KELURAHAN KEBON PALA,,KEBON PALA,,,,,,KLINIK TC,AKTIF
KANWIL DKI JAKARTA,PPK-332671,PUSKESMAS KELURAHAN HALIM 2,,HALIM,,,,,,KLINIK TC,AKTIF
KANWIL DKI JAKARTA,PPK-332670,PUSKESMAS KELURAHAN HALIM 1,,HALIM,,,,,,KLINIK TC,AKTIF
KANWIL DKI JAKARTA,PPK-332669,PUSKESMAS KELURAHAN CIPINANG MELAYU,"-6.246726021920445, 106.90079077569378","Jl. Harapan II No.36, RT.5/RW.10, Cipinang Melayu, Kec. Makasar, Kota Jakarta Timur, Daerah Khusus Ibukota Jakarta 13620",,,,,,KLINIK TC,AKTIF
KANWIL DKI JAKARTA,PPK-332668,PUSKESMAS KECAMATAN MAKASAR,"-6.282298576798038, 106.87809634743765",JL PUSDIKLAT DEPNAKER NO 4 MAKASAR,,,,,,KLINIK TC,AKTIF
KANWIL DKI JAKARTA,PPK-332636,PUSKESMAS KELURAHAN GEDONG,"-6.295789972141506, 106.85611255850912","Jl. Raya Condet No.12, RT.8/RW.12, Gedong, Kec. Ps. Rebo, Kota Jakarta Timur, Daerah Khusus Ibukota Jakarta 13520",,,,,,KLINIK TC,AKTIF
KANWIL DKI JAKARTA,PPK-332635,PUSKESMAS KELURAHAN KALISARI,"-6.334476500913752, 106.85161665106199","Jl. Puskesmas No.17, RT.3/RW.3, Kalisari, Kec. Ps. Rebo, Kota Jakarta Timur, Daerah Khusus Ibukota Jakarta 13790",,,,,,KLINIK TC,AKTIF
KANWIL DKI JAKARTA,PPK-332634,PUSKESMAS KELURAHAN BARU,"-6.323353130730011, 106.85231636089459","Jl. Puskesmas RT. 08 / RW. 01, Baru, Pasar Rebo, RT.2/RW.9, Cijantung, RT.2/RW.9, Cijantung, Kec. Ps. Rebo, Kota Jakarta Timur, Daerah Khusus Ibukota Jakarta 13780",,,,,,KLINIK TC,AKTIF
KANWIL DKI JAKARTA,PPK-332633,PUSKESMAS KELURAHAN CIJANTUNG,"-6.324782089227413, 106.8564754678643","Jalan Pertengahan RT.009 / RW.007, Cijantung, Pasarrebo, RT.5/RW.7, Cijantung, Kec. Ps. Rebo, Kota Jakarta Timur, Daerah Khusus Ibukota Jakarta 13770",,,,,,KLINIK TC,AKTIF
KANWIL DKI JAKARTA,PPK-332612,PUSKESMAS KELURAHAN KEBON BARU,"-6.231516082835405, 106.85897441700902",JL.ASEM BARIS II,021,021-8353524,081533208885,021-8353524,021-8353524,KLINIK TC,AKTIF
KANWIL DKI JAKARTA,PPK-332580,RSIA SAMMARIE BASRA,"-6.229141017008723, 106.89719832962241","JALAN BASUKI RACHMAT NO.31, PONDOK BAMBU, DUREN SAWIT, JAKARTA TIMUR",021,86613145,089604144916,,,RUMAH SAKIT TC,AKTIF
KANWIL DKI JAKARTA,PPK-332517,PUSKESMAS KELURAHAN PEKAYON,"-6.333331438159374, 106.86258525303462","Jl. Bulak Sari No .3 RT.09/RW.10, Pekayon, Pasar Rebo, RT.9/RW.10, Cijantung, Kec. Ps. Rebo, Kota Jakarta Timur, Daerah Khusus Ibukota Jakarta 13710",,,,,,KLINIK TC,AKTIF
KANWIL DKI JAKARTA,PPK-332518,PUSKESMAS KECAMATAN PASAR REBO,"-6.339360800930118, 106.8614241088835",JL KALISARI RAYA NO 1,,,,,,KLINIK TC,AKTIF
KANWIL DKI JAKARTA,PPK-332519,PUSKESMAS KELURAHAN KRAMAT JATI I,"-6.269634939105798, 106.86821957394046","Jl. Rs. Polri No.RT.6, RT.6/RW.4, Kramat Jati, East Jakarta City, Jakarta 13510",,,,,,KLINIK TC,AKTIF
KANWIL DKI JAKARTA,PPK-332520,PUSKESMAS KELURAHAN DUKUH,"-6.302304949486387, 106.88005486784789","10, Jl. Puskesmas No.3, RT.10/RW.4, Dukuh, Kec. Kramat jati, Kota Jakarta Timur, Daerah Khusus Ibukota Jakarta 13550",,,,,,KLINIK TC,AKTIF
KANWIL DKI JAKARTA,PPK-332521,PUSKESMAS KELURAHAN TENGAH,,BELUM LENGKAP,,,,,,KLINIK TC,AKTIF
KANWIL DKI JAKARTA,PPK-332522,PUSKESMAS KELURAHAN BATU AMPAR,,BELUM LENGKAP,,,,,,KLINIK TC,AKTIF
KANWIL DKI JAKARTA,PPK-332523,PUSKESMAS KELURAHAN BALEKAMBANG,,BELUM LENGKAP,,,,,,KLINIK TC,AKTIF
KANWIL DKI JAKARTA,PPK-332524,PUSKESMAS KELURAHAN CILILITAN,,BELUM LENGKAP,,,,,,KLINIK TC,AKTIF
KANWIL DKI JAKARTA,PPK-332525,PUSKESMAS KELURAHAN CAWANG,,BELUM LENGKAP,,,,,,KLINIK TC,AKTIF
KANWIL DKI JAKARTA,PPK-332526,PUSKESMAS KECAMATAN KRAMAT JATI,,JL RS POLRI SUKANTO,,,081384320310,,,KLINIK TC,AKTIF
KANWIL DKI JAKARTA,PPK-332528,PUSKESMAS KELURAHAN PASAR MANGGIS,,JL. MENTENG GRANIT NO.3 SETIABUDI,021,021-8308588,08161158113,021-8308588,021-8308588,KLINIK TC,AKTIF
KANWIL DKI JAKARTA,PPK-332529,RSUD KRAMAT JATI,"-6.286817737218377, 106.86229703812867",JL RAYA INPRES NO 48,,,,,,RUMAH SAKIT TC,AKTIF
KANWIL DKI JAKARTA,PPK-332530,RSUD CIRACAS,"-6.345620766486817, 106.87381832850802",JL CIBUBUR I,,,08159931139,,,RUMAH SAKIT TC,AKTIF
KANWIL DKI JAKARTA,PPK-332531,PUSKESMAS KELURAHAN RAMBUTAN,,BELUM LENGKAP,,,,,,KLINIK TC,AKTIF
KANWIL DKI JAKARTA,PPK-332532,PUSKESMAS KELURAHAN CIRACAS,,BELUM LENGKAP,,,,,,KLINIK TC,AKTIF
KANWIL DKI JAKARTA,PPK-332533,PUSKESMAS KELURAHAN KELAPA DUA WETAN,,BELUM LENGKAP,,,,,,KLINIK TC,AKTIF
KANWIL DKI JAKARTA,PPK-332534,PUSKESMAS KELURAHAN CIBUBUR,,BELUM LENGKAP,,,,,,KLINIK TC,AKTIF
KANWIL DKI JAKARTA,PPK-332489,PUSKESMAS KELURAHAN TEBET BARAT,,JL. TEBET BARAT DALAM NO. 64,021,021-8265676,081331317561,021-8265676,021-8265676,KLINIK TC,AKTIF
KANWIL DKI JAKARTA,PPK-332488,PUSKESMAS KELURAHAN MANGGARAI,,JL.SWADAYA I MANGGARAI,021,021-8305391,081283006047,0218305391,0218305391,KLINIK TC,AKTIF
KANWIL DKI JAKARTA,PPK-332487,PUSKESMAS KELURAHAN MENTENG DALAM,,JL. RASAMALA,021,021-8352943,081294856661,,,KLINIK TC,AKTIF
KANWIL DKI JAKARTA,PPK-332486,KLINIK KIMIA FARMA (KF) 581 BANGKA,,JL. BANGKA RAYA NO. 50,021,71795182,08987317651,385 7245,385 7245,KLINIK TC,AKTIF
KANWIL DKI JAKARTA,PPK-332595,KLINIK KIMIA FARMA (KF) 535 PONDOK PINANG,,JL. CIPUTAT RAYA NO. 28,021,765 0620,081384079800,385 7245,385 7245,KLINIK TC,AKTIF
KANWIL DKI JAKARTA,PPK-332600,KLINIK KIMIA FARMA (KF) 447 CIREUNDEU,,JL. CIREUNDEU RAYA NO. 27C,021,741 5997,082114498457,385 7245,385 7245,KLINIK TC,AKTIF
KANWIL DKI JAKARTA,PPK-332604,KLINIK KIMIA FARMA (KF) 298 BENDUNGAN HILIR,,JL. BENDUNGAN HILIR NO. 27,021,578 51732,081803183169,385 7245,385 7245,KLINIK TC,AKTIF
KANWIL DKI JAKARTA,PPK-332607,KLINIK KIMIA FARMA (KF) 267 BINTARO,,JL. BINTARO UTAMA BLOK EA2 NO. 35 - SEKTOR 5,021,737 1018,081234541050,385 7245,385 7245,KLINIK TC,AKTIF
KANWIL DKI JAKARTA,PPK-332608,KLINIK KIMIA FARMA (KF) 254 POS PENGUMBEN,,JL. POS PENGUMBEN RAYA BLOK I NO.11,021,534 9063,081353052999,385 7245,385 7245,KLINIK TC,AKTIF
KANWIL DKI JAKARTA,PPK-332609,KLINIK KIMIA FARMA (KF) 219 SITU GINTUNG,,JL. IR H JUANDA NO. 111 A - CIPUTAT,021,740 1868,085725213732,385 7245,385 7245,KLINIK TC,AKTIF
KANWIL DKI JAKARTA,PPK-332732,KLINIK KIMIA FARMA (KF) 152 PASAR MINGGU,,JL. RAYA PASAR MINGGU KM 19 NO. 3E-F,021,794 3222,081287664005,385 7245,385 7245,KLINIK TC,AKTIF
KANWIL DKI JAKARTA,PPK-332589,KLINIK KIMIA FARMA (KF) 96 SLIPI,,JL LETJEN S PARMAN BLOK G NO.14,021,530  3347,082119595795,385 7245,385 7245,KLINIK TC,AKTIF
KANWIL DKI JAKARTA,PPK-332594,KLINIK KIMIA FARMA (KF) 55 CIDODOL,,JL. KEBAYORAN LAMA NO 34K,021,720 3563,081214733341,,,KLINIK TC,AKTIF
KANWIL DKI JAKARTA,PPK-332592,KLINIK KIMIA FARMA (KF) 55 OSHCS,,JL. KEBAYORAN LAMA NO 50 A,021,256  1521,081372756593,385 7245,385 7245,KLINIK TC,AKTIF
KANWIL DKI JAKARTA,PPK-332599,KLINIK KIMIA FARMA (KF) 47 RADIO DALAM,,JL. RADIO DALAM 1S,021,727 89317,08152819999,385 7245,385 7245,KLINIK TC,AKTIF
KANWIL DKI JAKARTA,PPK-332601,KLINIK KIMIA FARMA (KF) 42 BLOK M,,JL. SULTAN HASANUDIN NO. 1,021,722 0292,081291259866,385 7245,385 7245,KLINIK TC,AKTIF
KANWIL DKI JAKARTA,PPK-332741,KLINIK KIMIA FARMA (KF) 06 PEJOMPONGAN,,JL. DANAU TONDANO NO.1,021,572  0279,08123595067,385 7245,385 7245,KLINIK TC,AKTIF
KANWIL DKI JAKARTA,PPK-332603,KLINIK KIMIA FARMA (KF) 352 MARGONDA,,JL. MARGONDA RAYA NO. 326,021,788 84611,08984693394,385 7245,385 7245,KLINIK TC,AKTIF
KANWIL DKI JAKARTA,PPK-332610,KLINIK KIMIA FARMA (KF) 202 KEJAYAAN,,JL. KEJAYAAN JAYA NO 202 BLOK IX NO 2,021,770 4044,082318884810,385 7245,385 7245,KLINIK TC,AKTIF
KANWIL DKI JAKARTA,PPK-332602,KLINIK KIMIA FARMA (KF) 367 JATIASIH,,JL. JATI MEKAR NO. 3A JATIASIH,021,847  3403,081352715226,385 7245,385 7245,KLINIK TC,AKTIF
KANWIL DKI JAKARTA,PPK-332590,KLINIK KIMIA FARMA (KF) 618 KRANGGAN,,JL. RAYA KRANGGAN NO. 38 JATISAMPURNA,021,228  53327,087867130601,385 7245,385 7245,KLINIK TC,AKTIF
KANWIL DKI JAKARTA,PPK-332605,KLINIK KIMIA FARMA (KF) 340 - CIKARANG,,JL. KEDASIH RAYA NO. 112 JABABEKA II,021,89840904,081344813067,385 7245,385 7245,KLINIK TC,AKTIF
KANWIL DKI JAKARTA,PPK-332586,KLINIK KIMIA FARMA (KF) GUNUNG SINDUR,,JL. PEMUDA BLOK A8 NO.3,0251,861 9198,085240749692,385 7245,385 7245,KLINIK TC,AKTIF
KANWIL DKI JAKARTA,PPK-332593,KLINIK KIMIA FARMA (KF) 7 JUANDA,,JL. IR H JUANDA NO. 30,0251,836 3473,082111215774,385 7245,385 7245,KLINIK TC,AKTIF
KANWIL DKI JAKARTA,PPK-332730,KLINIK KIMIA FARMA (KF) 110 KEBON PEDES,,JL. KEBON PEDES NO. 45,0251,833 5904,085296680100,385 7245,385 7245,KLINIK TC,AKTIF
KANWIL DKI JAKARTA,PPK-332731,KLINIK KIMIA FARMA (KF) 115 PAMULANG,,JL. PAMULANG PERMAI RAYA D2/1A,021,749  8708,081379082201,385 7245,385 7245,KLINIK TC,AKTIF
KANWIL DKI JAKARTA,PPK-332596,KLINIK KIMIA FARMA (KF) CISAUK,,JL. RAYA CISAUK LAPAN NO. 26 TANGERANG,021,75874992,081285362197,385 7245,385 7245,KLINIK TC,AKTIF
KANWIL DKI JAKARTA,PPK-332728,KLINIK KIMIA FARMA (KF) 078 PASAR ANYAR,,JL. AHMAD YANI NO. 31 PASAR ANYAR,021,551  8433,08156719021,385 7245,385 7245,KLINIK TC,AKTIF
KANWIL DKI JAKARTA,PPK-332598,KLINIK KIMIA FARMA (KF) 476 CITRA RAYA,,RUKO TAMAN PALMA JL. BOULEVARD BLOK G1 NO 25,021,59409460,081322611602,385 7245,385 7245,KLINIK TC,AKTIF
KANWIL DKI JAKARTA,PPK-332591,KLINIK KIMIA FARMA (KF) 576 PERIUK,,VILLA REGENSI 1 BLOK EE II NO.11-12,021,553  4572,081319411551,385 7245,385 7245,KLINIK TC,AKTIF
KANWIL DKI JAKARTA,PPK-332742,KLINIK KIMIA FARMA (KF) 590 PONDOK BENDA,,JL. RAYA PAMULANG PERMAI II B13 NO 10,021,743 0698,085642559625,385 7245,385 7245,KLINIK TC,AKTIF
KANWIL DKI JAKARTA,PPK-332588,KLINIK KIMIA FARMA (KF) BERINGIN,,JL. BERINGIN RAYA NO. 45A,021,55763538,087718338037,385 7245,385 7245,KLINIK TC,AKTIF
KANWIL DKI JAKARTA,PPK-332587,KLINIK KIMIA FARMA (KF) CIPINANG JAYA,,JL. CIPINANG JAYA RAYA NO. 74,021,298 1930,081585163744,385 7245,385 7245,KLINIK TC,AKTIF
KANWIL DKI JAKARTA,PPK-332606,KLINIK KIMIA FARMA (KF) 147,,JL. DUREN SAWIT BLOK B3/29,021,860 0196,081320119211,385 7245,385 7245,KLINIK TC,AKTIF
KANWIL DKI JAKARTA,PPK-332597,KLINIK KIMIA FARMA (KF) 49,,JL. PAHLAWAN REVOLUSI NO. 53,021,861 5154,08563380510,385 7245,385 7245,KLINIK TC,AKTIF
KANWIL DKI JAKARTA,PPK-332611,KLINIK KIMIA FARMA (KF) 2,,JL. SENEN RAYA NO. 66,021,840  742,081228617652,385 7245,385 7245,KLINIK TC,AKTIF
KANWIL DKI JAKARTA,PPK-332729,KLINIK KIMIA FARMA (KF) 1 KEMAYORAN,,JL. GARUDA NO 47 KEMAYORAN,021,424 5572,08111907599,385 7245,385 7245,KLINIK TC,AKTIF
KANWIL DKI JAKARTA,PPK-332745,KLINIK SAPTA MITRA CIKARANG,,RUKO CIKARANG CENTRAL CITY BLOK H29 CIANTRA CIKARANG SELATAN,,29470099,29470099,,,KLINIK TC,AKTIF
KANWIL DKI JAKARTA,PPK-332746,KLINIK SAPTA MITRA PONDOK KELAPA,,JL TAMAN MALAKA UTARA BLOK A12 NO 1 DUREN SAWIT,021,86906363,86906363,86906363,86906363,KLINIK TC,AKTIF
KANWIL DKI JAKARTA,PPK-332351,PUSKESMAS KECAMATAN MENTENG,,JALAN PEGANGSAAN BARAT NO 14 MENTENG,,,081386369200,081386369200,081386369200,KLINIK TC,AKTIF
KANWIL DKI JAKARTA,PPK-332344,PUSKESMAS KECAMATAN SETIABUDI,,JL.HALIMUN NO.13 GUNTUR,,0218295529,081212841337,0218295529,0218295529,KLINIK TC,AKTIF
KANWIL DKI JAKARTA,PPK-332290,PUSKESMAS KECAMATAN TEBET,,JL.TEBET TIMUR II,021,,081314856856,0218350632,0218350632,KLINIK TC,AKTIF
KANWIL DKI JAKARTA,PPK-332289,PUSKESMAS KELURAHAN SENAYAN,,JL. TULODONG BAWAH X NO. 3 SENAYAN,,(021) 5271405,085813964699,,,KLINIK TC,AKTIF
KANWIL DKI JAKARTA,PPK-332287,PUSKESMAS KELURAHAN SELONG,,"JALAN DAKSA 4 ,KELURAHAN SELONG",,(021) 7236636,085813964699,,,KLINIK TC,AKTIF
KANWIL DKI JAKARTA,PPK-332288,PUSKESMAS KELURAHAN RAWA BARAT,,"JALAN GUNAWARMAN 73 RT.03/07,KELURAHAN RAWA BARAT",,(021) 7205570,085813964699,,,KLINIK TC,AKTIF
KANWIL DKI JAKARTA,PPK-332286,PUSKESMAS KELURAHAN PULO,,JL. BAYEM I NO 11 PULO,,(021) 7244166,085813964699,,,KLINIK TC,AKTIF
KANWIL DKI JAKARTA,PPK-332285,PUSKESMAS KELURAHAN PETOGOGAN,,"JALAN PULO RAYA VII NO.3 RT.02/01,KELURAHAN PETOGOGAN",,021 7262979,085813964699,,,KLINIK TC,AKTIF
KANWIL DKI JAKARTA,PPK-332284,PUSKESMAS KELURAHAN KRAMAT PELA,,JL. GANDARIA TENGAH V NO 2 KRAMAT PELA,,0217233832,085813964699,,,KLINIK TC,AKTIF
KANWIL DKI JAKARTA,PPK-332283,PUSKESMAS KELURAHAN GUNUNG,,"JALAN BUMI NO. 42 RT.01 RW. 03 ,KELURAHAN GUNUNG",,0217258548,085813964699,,,KLINIK TC,AKTIF
KANWIL DKI JAKARTA,PPK-332282,PUSKESMAS KELURAHAN GANDARIA UTARA 2,,JL. MASJID BLOK A RT 005 RW 06 GANDARIA UTARA,,0217223458,085813964699,,,KLINIK TC,AKTIF
KANWIL DKI JAKARTA,PPK-332278,PUSKESMAS KELURAHAN GANDARIA UTARA 1,,JL. DELTASARI F1 NO 9 RT 05 RW 013 GANDARIA UTARA,,021 7228612,085813964699,,,KLINIK TC,AKTIF
KANWIL DKI JAKARTA,PPK-332279,PUSKESMAS KELURAHAN CIPETE UTARA,,JL ABDUL MADJID I NO 28 RT 02,021,,085813964699,,,KLINIK TC,AKTIF
KANWIL DKI JAKARTA,PPK-332281,PUSKESMAS KECAMATAN KEBAYORAN BARU,,JL ISKANDARSYAH RAYA NO. 105 MELAWAI,021,,085813964699,,,KLINIK TC,AKTIF
KANWIL DKI JAKARTA,PPK-332632,RS HERMINA JATINEGARA,"-6.220891574342523, 106.86451744032145","Jl. Raya Jatinegara Barat No.126 10 1, Kp. Melayu, Kecamatan Jatinegara, Kota Jakarta Timur, Daerah Khusus Ibukota Jakarta 13320",,,,,,RUMAH SAKIT TC,AKTIF
KANWIL DKI JAKARTA,PPK-332230,KLINIK PEJUANGAN,,JL PERJUANGAN NO 1 KEBON JERUK,021,,081317436273,0215811502,0215811502,KLINIK TC,AKTIF
KANWIL DKI JAKARTA,PPK-332527,RUMAH SAKIT UMUM DAERAH CIRACAS,,RT 003 RW 01  JALAN CIBUBUR I,,,,,,RUMAH SAKIT TC,AKTIF
KANWIL DKI JAKARTA,PPK-332160,PUSKESMAS KELURAHAN PASAR BARU,,JL KREKOT BUNDER RAYA NO.10 KEC. SAWAH BESAR JAKARTA PUSAT,021,085715130405,085715130405,085715130405,085715130405,KLINIK TC,AKTIF
KANWIL DKI JAKARTA,PPK-332161,PUSKESMAS KELURAHAN KARTINI,,JL KARTINI NO 8 DALAM NO 6B KEC. SAWAH BESAR JAKARTA PUSAT,021,085715130405,085715130405,085715130405,085715130405,KLINIK TC,AKTIF
KANWIL DKI JAKARTA,PPK-332162,PUSKESMAS KELURAHAN GUNUNG SAHARI UTARA,,JL GUNUNG SAHARI VII NO 8 KEC. SAWAH BESAR JAKARTA PUSAT,021,085715130405,085715130405,085715130405,085715130405,KLINIK TC,AKTIF
KANWIL DKI JAKARTA,PPK-332163,PUSKESMAS KECAMATAN SAWAH BESAR,,JL MANGGA DUA DALAM K NO.1 KEC. SAWAH BESAR JAKARTA PUSAT,021,085715130405,085715130405,085715130405,085715130405,KLINIK TC,AKTIF
KANWIL DKI JAKARTA,PPK-332050,RSIA KEMANG,"-6.2862264248832815, 106.81929705157891",JALAN AMPERA RAYA NO 34 JAKARTA SELATAN,021,27545454,085711878400,27545454,27545454,RUMAH SAKIT TC,AKTIF
KANWIL DKI JAKARTA,PPK-332052,RUMAH SAKIT MITRA KELUARGA KEMAYORAN,"-6.151956343337237, 106.85847644509941",JL. HBR MOTIK (LANDAS PACU TIMUR),021,087777782626,087777782626,087777782626,087777782626,RUMAH SAKIT TC,AKTIF
KANWIL DKI JAKARTA,PPK-332053,RSUD KEMAYORAN,"-6.156861251216713, 106.86383146031382",JALAN SERDANG BARU 1 KEMAYORAN JAKARTA PUSAT,021,089659123565,089659123565,089659123565,089659123565,RUMAH SAKIT TC,AKTIF
KANWIL DKI JAKARTA,PPK-332054,PUSKESMAS KELURAHAN UTAN PANJANG,,"JALAN BENDUNGAN JAGO, KEC. KEMAYORAN JAKARTA PUSAT",021,081347047451,081347047451,081347047451,081347047451,KLINIK TC,AKTIF
KANWIL DKI JAKARTA,PPK-332055,PUSKESMAS KELURAHAN SUMUR BATU,,"JALAN SUMUR BATU RAYA, KEC. KEMAYORAN JAKARTA PUSAT",021,081347047451,081347047451,081347047451,081347047451,KLINIK TC,AKTIF
KANWIL DKI JAKARTA,PPK-332056,PUSKESMAS KELURAHAN SERDANG,,JL. HARAPAN MULIA BARAT NO.1 KEC. KEMAYORAN JAKARTA PUSAT,021,081347047451,081347047451,081347047451,081347047451,KLINIK TC,AKTIF
KANWIL DKI JAKARTA,PPK-332057,PUSKESMAS KELURAHAN KEBON KOSONG II,,"JALAN KEMAYORAN GEMPOL, KEC. KEMAYORAN JAKARTA PUSAT",021,081347047451,081347047451,081347047451,081347047451,KLINIK TC,AKTIF
KANWIL DKI JAKARTA,PPK-332058,PUSKESMAS KELURAHAN KEBON KOSONG I,,"JALAN GALINDRA, KEC. KEMAYORAN JAKARTA PUSAT",021,081347047451,081347047451,081347047451,081347047451,KLINIK TC,AKTIF
KANWIL DKI JAKARTA,PPK-332059,PUSKESMAS KELURAHAN CEMPAKA BARU,,"JALAN CEMPAKA BARU TENGAH I, KEC. KEMAYORAN JAKARTA PUSAT",021,081347047451,081347047451,081347047451,081347047451,KLINIK TC,AKTIF
KANWIL DKI JAKARTA,PPK-332060,PUSKESMAS KECAMATAN KEMAYORAN,,JL. HARAPAN MULIA BARAT NO.1 KEC. KEMAYORAN JAKARTA PUSAT,021,081347047451,081347047451,081347047451,081347047451,KLINIK TC,AKTIF
KANWIL DKI JAKARTA,PPK-332061,PUSKESMAS KELURAHAN PETOJO UTARA,,JALAN PETOJO SELATAN II JAKARTA PUSAT,021,081347047451,081347047451,081347047451,081347047451,KLINIK TC,AKTIF
KANWIL DKI JAKARTA,PPK-332062,PUSKESMAS KELURAHAN PETOJO SELATAN,,JALAN TANAH ABANG III JAKARTA PUSAT,021,081347047451,081347047451,081347047451,081347047451,KLINIK TC,AKTIF
KANWIL DKI JAKARTA,PPK-332063,PUSKESMAS KELURAHAN KEBON KELAPA,,JALAN BATU TULIS XII JAKARTA PUSAT,021,081347047451,081347047451,081347047451,081347047451,KLINIK TC,AKTIF
KANWIL DKI JAKARTA,PPK-332064,PUSKESMAS KELURAHAN DURI PULO,,JALAN KH. ZAINUL ARIFIN NO.71 JAKARTA PUSAT,021,081347047451,081347047451,081347047451,081347047451,KLINIK TC,AKTIF
KANWIL DKI JAKARTA,PPK-332066,PUSKESMAS KECAMATAN GAMBIR,,JL. TANAH ABANG I NO.10 JAKARTA PUSAT,021,085747068291,081347047451,085747068291,085747068291,KLINIK TC,AKTIF
KANWIL DKI JAKARTA,PPK-331931,KLINIK MEDEXS,,JL JEND SUDIRMAN KAV 52-53 ENERGY BUILDING LT LOT 11A SCBD SENAYAN KEBAYORAN BARU,021,52964540,082112922471,,,KLINIK TC,AKTIF
KANWIL DKI JAKARTA,PPK-321903,PUSKESMAS KELURAHAN TOMANG,,JL TOMANG PULO MACAM V/40,021,,08979880023,,,KLINIK TC,AKTIF
KANWIL DKI JAKARTA,PPK-321908,PUSKESMAS KELURAHAN TJ DUREN UTARA,,JL TANJUNG DUREN VII B,021,,08979880023,,,KLINIK TC,AKTIF
KANWIL DKI JAKARTA,PPK-321910,PUSKESMAS KELURAHAN TJ DUREN SELATAN,,JL TANJUNG DUREN 120,,,08979880023,,,KLINIK TC,AKTIF
KANWIL DKI JAKARTA,PPK-321888,PUSKESMAS KELURAHAN JELAMBAR BARU,,JL JELEMBAR ILIR,,,08979880023,,,KLINIK TC,AKTIF
KANWIL DKI JAKARTA,PPK-321895,PUSKESMAS KELURAHAN JELAMBAR II,,JL PROF LATUMENTEN NO VI/ 2,021,56975053,08979880023,,,KLINIK TC,AKTIF
KANWIL DKI JAKARTA,PPK-321983,PUSKESMAS KELURAHAN JELAMBAR I,,JL SATRIA II RT 004/RW 004,021,56941906,08979880023,56941906,56941906,KLINIK TC,AKTIF
KANWIL DKI JAKARTA,PPK-321909,PUSKESMAS KELURAHAN GROGOL III,,JL DR NURDIN RAYA,,,08979880023,,,KLINIK TC,AKTIF
KANWIL DKI JAKARTA,PPK-321880,PUSKESMAS KELURAHAN GROGOL II,,JL RAWA BAHAGIA I/32,021,56971251,08979880023,56971251,56971251,KLINIK TC,AKTIF
KANWIL DKI JAKARTA,PPK-321887,PUSKESMAS KELURAHAN GROGOL I,,JL DR NURDIN RAYA I NO 35,021,56943089,08979880023,56943089,56943089,KLINIK TC,AKTIF
KANWIL DKI JAKARTA,PPK-321986,PUSKESMAS KELURAHAN PAPANGGO II,,JL. BISMA RAYA KOMP. KEL. PAPANGGO,,,,,,KLINIK TC,AKTIF
KANWIL DKI JAKARTA,PPK-321995,PUSKESMAS KELURAHAN WARAKAS,,JL. WARAKAS IX/22,,,,,,KLINIK TC,AKTIF
KANWIL DKI JAKARTA,PPK-321994,PUSKESMAS KELURAHAN TANJUNG PRIOK,,JL BAHARI III/65,,,,,,KLINIK TC,AKTIF
KANWIL DKI JAKARTA,PPK-321993,PUSKESMAS KELURAHAN SUNTER AGUNG III,,KOMPLEK BI TAMAN NYIUR,,,,,,KLINIK TC,AKTIF
KANWIL DKI JAKARTA,PPK-321992,PUSKESMAS KELURAHAN SUNTER AGUNG II,,JL. AGUNG BARAT 25 BLOK B,,,,,,KLINIK TC,AKTIF
KANWIL DKI JAKARTA,PPK-321991,PUSKESMAS KELURAHAN SUNTER AGUNG I,,JL. BAMBU KUNING GG. II 1,,,,,,KLINIK TC,AKTIF
KANWIL DKI JAKARTA,PPK-321990,PUSKESMAS KELURAHAN KEBON BAWANG III,,JL. SWASEMBADA BARAT II 83,,,,,,KLINIK TC,AKTIF
KANWIL DKI JAKARTA,PPK-321989,PUSKESMAS KELURAHAN KEBON BAWANG II,,JL. SWASEMBADA TIMUR VI NO.1,,,,,,KLINIK TC,AKTIF
KANWIL DKI JAKARTA,PPK-321988,PUSKESMAS KELURAHAN KEBON BAWANG I,,JL. SWASEMBADA BARAT VII 2,,,,,,KLINIK TC,AKTIF
KANWIL DKI JAKARTA,PPK-321979,PUSKESMAS KELURAHAN SUNGAI BAMBU,,JL. SUNGAI BAMBU IV/24,,,,,,KLINIK TC,AKTIF
KANWIL DKI JAKARTA,PPK-321982,PUSKESMAS KELURAHAN SUNTER JAYA II,,JL. KOMPLEK KEBERSIHAN DKI,,,,,,KLINIK TC,AKTIF
KANWIL DKI JAKARTA,PPK-321981,PUSKESMAS KELURAHAN SUNTER JAYA I,,JL. BAMBU KUNING GG. II/1,,,,,,KLINIK TC,AKTIF
KANWIL DKI JAKARTA,PPK-321980,PUSKESMAS KECAMATAN TANJUNG PRIOK,,JALAN WARAKAS IX/22,,,08129224507,,,KLINIK TC,AKTIF
KANWIL DKI JAKARTA,PPK-321811,KLINIK MH THAMRIN TAMAN SARI,,"APARTEMEN TAMANSARI, SEMANGGI GROUND FLOOR NO 15, JL AKRI NO 134 JAKARTA SELATAN",,,,,,KLINIK TC,AKTIF
KANWIL DKI JAKARTA,PPK-332535,PUSKESMAS KECAMATAN CIRACAS,,"JALAN HAJI BAPING, RT.09 / RW.06, SUSUKAN, CIRACAS, JAKARTA TIMUR, DKI JAKARTA 13750",,,087775432303,,,RUMAH SAKIT TC,AKTIF
KANWIL DKI JAKARTA,PPK-321810,KLINIK NADYA,,JL KH R ABDULLAH BIN M NUH BUBULAK KEL.SINDANG BARANG KEC BOGOR BARAT,0251,02518624629,,,,KLINIK TC,AKTIF
KANWIL DKI JAKARTA,PPK-321681,KLINIK SUDIRMAN MEDICAL CENTER,,"JL. SETIA BUDI TENGAH NO. 18, JAKARTA SELATAN 12910",021,0215203467,,,,KLINIK TC,AKTIF
KANWIL DKI JAKARTA,PPK-321682,KLINIK MH THAMRIN PONDOK GEDE,,"JL RAYA PONDOK GEDE NO 23-25 KRAMAT JATI, JAKARTA TIMUR",,,,,,KLINIK TC,AKTIF
KANWIL DKI JAKARTA,PPK-321680,KLINIK MH THAMRIN TEGALAN,,"JL TEGALAN NO 30 , JAKARTA TIMUR",021,0218581344,,,,KLINIK TC,AKTIF
KANWIL DKI JAKARTA,PPK-321679,KLINIK MH THAMRIN ANGKE,,JL TUBAGUS ANGKE NO 27 JAKARTA BARAT,021,0115675259,,,,KLINIK TC,AKTIF
KANWIL DKI JAKARTA,PPK-321678,KLINIK MH THAMRIN SERDANG,,"JL HAJI UNG E 71 NO 2 KEMAYORAN, JAKARTA PUSAT",021,0214249519,,,,KLINIK TC,AKTIF
KANWIL DKI JAKARTA,PPK-321677,RS AINI,"-6.218980275744684, 106.81715754341202","JL HR.RASUNA SAID, KUNINGAN  JAKARTA SELATAN",021,215256228,0813-8493-3929,,,RUMAH SAKIT TC,AKTIF
KANWIL DKI JAKARTA,PPK-321640,KLINIK PURI MUTIARA,,JL CIPETE VIII NO. 97,021,75905557,0856 7937 465,759 05557,759 05557,KLINIK TC,AKTIF
KANWIL DKI JAKARTA,PPK-321573,RS MUHAMMADIYAH TAMAN PURING,"-6.241722411433712, 106.78750842967422",JL GANDARIA I/20 KEBAYORAN BARU,,021-7208358,081295115552,,,RUMAH SAKIT TC,AKTIF
KANWIL DKI JAKARTA,PPK-321492,KLINIK TRIHATI PLUS SENTOSA,,JL SENTOSA RAYA NO 228D,021,77834041,+62 811-817-282,77834041,77834041,KLINIK TC,AKTIF
KANWIL DKI JAKARTA,PPK-321416,KLINIK ROYAL TARUMA 3,,CENTRAL PARK MALL PODOMORO CITY LT LGM JL S PARMAN KAV 28,,081213555743,081283933838,56967788,56967788,KLINIK TC,AKTIF
KANWIL DKI JAKARTA,PPK-321417,KLINIK ROYAL TARUMA 1,,GD APARTEMENT MEDITERANIA GARDEN RESIDENCES 1 JL TJ DUREN RAYA KAV 5-9,,085888962906,081283933838,56967788,56967788,KLINIK TC,AKTIF
KANWIL DKI JAKARTA,PPK-321349,RSUD JOHAR BARU,"-6.181728216417979, 106.85044509786474",JL TANAH TINGGI XII JAKARTA PUSAT,021,0214246359,085717588371,0214246359,0214246359,RUMAH SAKIT TC,AKTIF
KANWIL DKI JAKARTA,PPK-321348,RSIA ANDHIKA,"-6.343933254265403, 106.81435948205944",JL WARUNG SILAH NO.8 RT6/4,,,,,,RUMAH SAKIT TC,AKTIF
KANWIL DKI JAKARTA,PPK-321325,RSIA RESTI MULYA,"-6.208757428900423, 106.94180824027796",JL PAHLAWAN KOMARUDIN RAYA NO. 5 PENGGILINGAN JAKARTA TIMUR,021,0004802192,081290176687,0004802192,0004802192,RUMAH SAKIT TC,AKTIF
KANWIL DKI JAKARTA,PPK-321161,RSU SAWAH BESAR,"-6.148928248571796, 106.82989017455512",JL DWI WARNA RAYA N0 6-8,021,62320819,085876674421,62320819,62320819,RUMAH SAKIT TC,AKTIF
KANWIL DKI JAKARTA,PPK-321180,RUMAH SAKIT SIAGA RAYA,"-6.272961448610515, 106.83917694476243",JL SIAGA RAYA KAV 4-8 PEJATEN BARAT PASAR MINGGU  RT 014 RW 003,,0217972750,08111993992,,,RUMAH SAKIT TC,AKTIF
KANWIL DKI JAKARTA,PPK-321142,PUSKESMAS KELURAHAN PONDOK KELAPA,,JL H DOGON RAYA RT 013/002 PD. KELAPA JAKTIM,021,86904054,02186610522,86904054,86904054,KLINIK TC,AKTIF
KANWIL DKI JAKARTA,PPK-321143,PUSKESMAS KELURAHAN DUREN SAWIT,,JL KELURAHAN RAYA RT 011/001 DUREN SAWIT JAKTIM,021,86602052,02186610522,86602052,86602052,KLINIK TC,AKTIF
KANWIL DKI JAKARTA,PPK-321144,PUSKESMAS KELURAHAN PONDOK KOPI 2,,JL ROBUSTA RAYA BLOK Q/10 RT 002/006 PONDOK KOPI JAKTIM,021,86600644,02186610522,86600644,86600644,KLINIK TC,AKTIF
KANWIL DKI JAKARTA,PPK-321145,PUSKESMAS KELURAHAN PONDOK KOPI 1,,JL BINA KARYA RT 005/003 RAWADAS PD KOPI JAKTIM,021,86904054,02186610522,86904054,86904054,KLINIK TC,AKTIF
KANWIL DKI JAKARTA,PPK-321146,PUSKESMAS KELURAHAN MALAKA JAYA,,JL TERATAI PUTIH RAYA RT 006 MALAKA JAYA JAKTIM,021,22863201,02186610522,22863201,22863201,KLINIK TC,AKTIF
KANWIL DKI JAKARTA,PPK-321147,PUSKESMAS KELURAHAN MALAKA SARI,,JL MALAKA III RT 001/006 MALAKA SARI JAKTIM,021,86601176,02186610522,86601176,86601176,KLINIK TC,AKTIF
KANWIL DKI JAKARTA,PPK-321148,PUSKESMAS KELURAHAN PONDOK BAMBU 2,,JL RAYA CIPINANG MUARA II RT 005/002 PD. BAMBU JAKTIM,021,86159890000,02186610522,86159890000,86159890000,KLINIK TC,AKTIF
KANWIL DKI JAKARTA,PPK-321149,PUSKESMAS KELURAHAN PONDOK BAMBU 1,,JL KESEHATAN RT 002/005 NO. 5 PD. BAMBU JAKTIM,021,86609979,02186610522,86609979,86609979,KLINIK TC,AKTIF
KANWIL DKI JAKARTA,PPK-321150,PUSKESMAS KELURAHAN KLENDER 3,,JL BUARAN INDAH II RT 004/014 KLENDER JAKTIM,021,86609946,02186610522,86609946,86609946,KLINIK TC,AKTIF
KANWIL DKI JAKARTA,PPK-321151,PUSKESMAS KELURAHAN KLENDER 2,,JL BULAK TIMUR I NO. 8 RT 004/016 KLENDER,021,86603350,02186610522,86603350,86603350,KLINIK TC,AKTIF
KANWIL DKI JAKARTA,PPK-321152,PUSKESMAS KELURAHAN KLENDER 1,,JL KAMPUNG PERTANIAN TIMUR RT 015/002 KLENDER,021,86610522,02186610522,86610522,86610522,KLINIK TC,AKTIF
KANWIL DKI JAKARTA,PPK-321153,KLINIK TRIHATI PLUS,,"RUKAN ROYAL PALACE BLOK A5, JL PROF DR SOEPOMO, SH NO 78A KEL. MENTENG DALAM",,,0811817282,,,KLINIK TC,AKTIF
KANWIL DKI JAKARTA,PPK-321154,PUSKESMAS KECAMATAN DUREN SAWIT,,JL HAJI DOGOL NO. 15 A DUREN SAWIT,021,866105522,02186610522,866105522,866105522,KLINIK TC,AKTIF
KANWIL DKI JAKARTA,PPK-311137,RUMAH SAKIT TRIA DIPA,"-6.250885284896932, 106.84193693469304",JL RAYA PASAR MINGGU NO 3A JAKARTA SELATAN,021,79740713,08161814146,79740713,79740713,RUMAH SAKIT TC,AKTIF
KANWIL DKI JAKARTA,PPK-512033,RS HAJI JAKARTA,"-6.289901055059721, 106.8892806422703","JALAN RAYA PONDOK GEDE, PINANG RANTI, MAKASAR, RT.1/RW.1, PINANG RANTI, MAKASAR, KOTA JAKARTA TIMUR, DAERAH KHUSUS IBUKOTA JAKARTA",,,08161826317,,,RUMAH SAKIT TC,AKTIF
KANWIL DKI JAKARTA,PPK-311125,RS TNI AL DR MINTOHARDJO,"-6.210894867132987, 106.81141346663794",JALAN BENDUNGAN HILIR NO 17,021,0215703081,081381735310,,,RUMAH SAKIT TC,AKTIF
KANWIL DKI JAKARTA,PPK-311126,RSUD TAMAN SARI,"-6.143966941167536, 106.81915533346778",JL MADU NO 10 MANGGA BESAR,021,26075052,08991603912,02126075052,02126075052,RUMAH SAKIT TC,AKTIF
KANWIL DKI JAKARTA,PPK-301217,RSAB HARAPAN KITA,"-6.184065748327905, 106.79932259275085",JL JEND LETJEND S PARMAN KAV 87 SLIPI,021,,081293702885,0215668286,0215668286,RUMAH SAKIT TC,AKTIF
KANWIL DKI JAKARTA,PPK-301184,PUSKESMAS KELURAHAN GADING BARAT,,JALAN INSPEKSI KALI SUNTER NO.16,,,,,,KLINIK TC,AKTIF
KANWIL DKI JAKARTA,PPK-301180,RSUD CEMPAKA PUTIH,"-6.184809240753949, 106.87239015099766",JL RAWASARI SELATAN NO 1 JAKARTA PUSAT 10510,021,021-4224243,081211690000,021-4224243,021-4224243,RUMAH SAKIT TC,AKTIF
KANWIL DKI JAKARTA,PPK-301147,PUSKESMAS KELURAHAN MERUYA SELATAN II,,JL RAYA SAABA RT 07/03 KOMP WALIKOTA,021,0215859081,085717240278,0215859081,0215859081,KLINIK TC,AKTIF
KANWIL DKI JAKARTA,PPK-301128,RS METROPOLITAN MEDICAL CENTER (MMC),"-6.219888801437553, 106.83230057063291","JL HR RASUNA SAID KAV 20-21, KARET KUNINGAN, SETIABUDI ,JAKSEL",021,021523435,083876093105,,,RUMAH SAKIT TC,AKTIF
KANWIL DKI JAKARTA,PPK-301123,RS HERMINA KEMAYORAN,"-6.154562389320374, 106.84582174715943",JL. SELANGIT BLOK B10 KAV. 4 KEMAYORAN,021,22602525,081318057279,,,RUMAH SAKIT TC,AKTIF
KANWIL DKI JAKARTA,PPK-301182,RUMAH SAKIT MITRA KELUARGA KELAPA GADING,"-6.151792982964838, 106.89718892991733",JALAN BUKIT GADING RAYA BLOK E NO.2,,(021) 45852700,081311254524,,,RUMAH SAKIT TC,AKTIF
KANWIL DKI JAKARTA,PPK-301216,RUMAH SAKIT SUKMUL SISMA MEDIKA,"-6.112332210662931, 106.88207270348929",JALAN TAWES NO. 18-20 TANJUNG PRIOK,,0214301269,081280112058,,,RUMAH SAKIT TC,AKTIF
KANWIL DKI JAKARTA,PPK-281105,RS YADIKA,"-6.237231394238555, 106.89904595741173",JL PAHLAWAN REVOLUSI NO. 47 PONDOK BAMBU,021,008615754,081350116507,008615754,008615754,RUMAH SAKIT TC,AKTIF
KANWIL DKI JAKARTA,PPK-281106,RS SUYOTO,"-6.2686230244888, 106.76629963238219",JL RAYA VETERAN,,,,,,RUMAH SAKIT TC,AKTIF
KANWIL DKI JAKARTA,PPK-271104,RUMAH SAKIT UMUM CILINCING,"-6.113091291617881, 106.92623964248538",JLN MADYA KEBANTENAN NO 1 KEL SEMPER TIMUR KEC CILINCING JAKARTA UTARA,021,0214412889,081283212244,0214412889,0214412889,RUMAH SAKIT TC,AKTIF
KANWIL DKI JAKARTA,PPK-261109,RUMAH SAKIT PLUIT,"-6.125651326815268, 106.79941607936617",JL PLUIT SELATAN RAYA NO 2 JAKUT,021,29228000,085880083499,29228000,29228000,RUMAH SAKIT TC,AKTIF
KANWIL DKI JAKARTA,PPK-261104,PPKD JAKARTA BARAT,,JL KAMAL RAYA NO 2 TEGAL ALUR,021,0215550913,081311368710,0215550913,0215550913,BLK / TRAINING CENTRE,AKTIF
KANWIL DKI JAKARTA,PPK-241115,RSUK KEMBANGAN,"-6.194684354132824, 106.73628465921144",JL. TOPAZ RAYA BLOK F 2 NO. 3 KELURAHAN MERUYA UTARA,021,,087716621085,,,RUMAH SAKIT TC,AKTIF
KANWIL DKI JAKARTA,PPK-241116,CIPUTRA HOSPITAL CITRAGARDEN CITY,"-6.123267303507236, 106.70506386356111",JL BOULEVARD BLOK G1 CITRA 5 CITRAGARDEN CITY,021,22557888,0812 8180 7802,22557888,22557888,RUMAH SAKIT TC,AKTIF
KANWIL DKI JAKARTA,PPK-241112,RS KRAMAT 128,"-6.185545864794346, 106.84407029967643",JALAN KRAMAT RAYA NO 128 JAKARTA PUSAT,021,0213908287,081513036162,3908287/3918288,3908287/3918288,RUMAH SAKIT TC,AKTIF
KANWIL DKI JAKARTA,PPK-241113,RUMAH SAKIT GADING PLUIT,"-6.1661602108515705, 106.91584383345291",JL. BOULEVARD TIMUR RAYA,,,08161963308,,,RUMAH SAKIT TC,AKTIF
KANWIL DKI JAKARTA,PPK-221119,PUSKESMAS RUSUN MARUNDA,,JLN MARUNDA CLUSTER B LANTAI DASAR,021,29251968,081388705775,29251968,29251968,KLINIK TC,AKTIF
KANWIL DKI JAKARTA,PPK-221120,PUSKESMAS KELURAHAN MARUNDA,,JLN MARUNDA BARU NO 5 JAKARTA UTARA,021,44852585,0818845651,44852585,44852585,KLINIK TC,AKTIF
KANWIL DKI JAKARTA,PPK-221122,PUSKESMAS KELURAHAN ROROTAN,,JLN MANUNGGAL JUANG 19/4 JAKARTA UTARA,021,44850175,081319111691,44850175,44850175,KLINIK TC,AKTIF
KANWIL DKI JAKARTA,PPK-221121,PUSKESMAS KELURAHAN KALIBARU,,JLN KALIBARU TIMUR I / 50 JAKARTA UTARA,021,44835305,081310411088,44835305,44835305,KLINIK TC,AKTIF
KANWIL DKI JAKARTA,PPK-221124,PUSKESMAS KELURAHAN SEMPER TIMUR,,JLN RAWAMALANG NO 9 SEMPER,,081574653357,081284498484,081574653357,081574653357,KLINIK TC,AKTIF
KANWIL DKI JAKARTA,PPK-221125,PUSKESMAS KELURAHAN SEMPER BARAT 3,,JLN PEPAYA V SEMPER JAKARTA UTARA,,0214414692,08161845226,0214414692,0214414692,KLINIK TC,AKTIF
KANWIL DKI JAKARTA,PPK-221126,PUSKESMAS KELURAHAN SEMPER BARAT 2,,JLN TIPAR CAKUNG SUKAPURA JAKARTA UTARA,,0214410227,08161845226,0214410227,0214410227,KLINIK TC,AKTIF
KANWIL DKI JAKARTA,PPK-221127,PUSKESMAS KELURAHAN SEMPER BARAT 1,,JLN DURIAN NO 49 SEMPER JAKARTA UTARA,,0214400351,087889255164,0214400351,0214400351,KLINIK TC,AKTIF
KANWIL DKI JAKARTA,PPK-221128,PUSKESMAS KELURAHAN CILINCING 2,,JLN SUNGAI LANDAK NO 26 JAKARTA UTARA,021,0214404703,0816889367,0214404703,0214404703,KLINIK TC,AKTIF
KANWIL DKI JAKARTA,PPK-221129,PUSKESMAS KELURAHAN CILINCING 1,,JLN PASAR PAGI NO 11 A JAKARTA UTARA,021,44166419,081311507762,44166419,44166419,KLINIK TC,AKTIF
KANWIL DKI JAKARTA,PPK-221130,PUSKESMAS KECAMATAN CILINCING,,JLN TIPAR CAKUNG NO. 1 JAKARTA UTARA,021,44834952,081286145576,44834952,44834952,KLINIK TC,AKTIF
KANWIL DKI JAKARTA,PPK-221107,PUSKESMAS KELURAHAN RAWA BADAK SELATAN,,PLUMPANG B JALAN K2 NO 7,021,43901718,08561028815,43901718,43901718,KLINIK TC,AKTIF
KANWIL DKI JAKARTA,PPK-221109,PUSKESMAS KELURAHAN RAWA BADAK UTARA II,,JLN RAWA BINANGUN I JAKARTA UTARA,021,43901718,085213897001,43901718,43901718,KLINIK TC,AKTIF
KANWIL DKI JAKARTA,PPK-221108,PUSKESMAS KELURAHAN RAWA BADAK UTARA I,,JLN RAWA BADAK BARAT NO 37,021,43933827,0811826626,43933827,43933827,KLINIK TC,AKTIF
KANWIL DKI JAKARTA,PPK-221111,PUSKESMAS KELURAHAN TUGU UTARA III,,JLN KRAMAT JAYA GG VIII,021,43901718,08158048901,43901718,43901718,KLINIK TC,AKTIF
KANWIL DKI JAKARTA,PPK-221112,PUSKESMAS KELURAHAN LAGOA,,JLN MENTENG NO 30 JAKARTA UTARA,021,43901718,081319927170,43901718,43901718,KLINIK TC,AKTIF
KANWIL DKI JAKARTA,PPK-221113,PUSKESMAS KELURAHAN KOJA,,JLN DELI GG 28 NO 2 JAKARTA UTARA,021,43901718,0811814013,43901718,43901718,KLINIK TC,AKTIF
KANWIL DKI JAKARTA,PPK-221114,PUSKESMAS KECAMATAN KOJA,,JLN MAHONI SELATAN NO 9,021,43905753,08176366230,43905753,43905753,KLINIK TC,AKTIF
KANWIL DKI JAKARTA,PPK-221116,RSU KECAMATAN PESANGGRAHAN,"-6.258925291445284, 106.7576899610968",JL CENEK I NO 1 RT 05 RW 03,,,08129751033,,,RUMAH SAKIT TC,AKTIF
KANWIL DKI JAKARTA,PPK-221117,RUMAH SAKIT  SILOAM ASRI,"-6.254517083525988, 106.83228821572918",JL DUREN TIGA RAYA NO 20 RT 004 RW 001,021,27837900,081808888332,27837900,27837900,RUMAH SAKIT TC,AKTIF
KANWIL DKI JAKARTA,PPK-301183,PUSKESMAS KELURAHAN PEGANGSAAN DUA B,,JALAN GANDANG RT02/07 NO.30,,,,,,KLINIK TC,AKTIF
KANWIL DKI JAKARTA,PPK-301186,PUSKESMAS KELURAHAN PEGANGSAAN DUA A,,JALAN KEPU,021,70792198,,70792198,70792198,KLINIK TC,AKTIF
KANWIL DKI JAKARTA,PPK-301185,PUSKESMAS KELURAHAN GADING TIMUR II,,JALAN MERAH JAMBU BLOK EJ/22,021,70792197,,70792197,70792197,KLINIK TC,AKTIF
KANWIL DKI JAKARTA,PPK-201108,PUSKESMAS KELURAHAN GADING TIMUR I,,JALAN KOMPLEK PERDAGANGAN,,,,,,KLINIK TC,AKTIF
KANWIL DKI JAKARTA,PPK-201109,PUSKESMAS KECAMATAN KELAPA GADING,,JALAN PELEPAH ELOK BLOK HF.7,021,45853300,08158370245,45853300,45853300,KLINIK TC,AKTIF
KANWIL DKI JAKARTA,PPK-201107,RUMAH SAKIT UMUM KECAMATAN TANJUNG PRIOK,"-6.115854537674747, 106.88883223113342",JL. BUGIS NO.3,021,43908923,082210147861,,,RUMAH SAKIT TC,AKTIF
KANWIL DKI JAKARTA,PPK-191131,KLINIK CEMPAKA 24 JAM PULOGEBANG,,JL. RAYA PULOGEBANG NO. 86,021,0214801980,082211112554,0214801980,0214801980,KLINIK TC,AKTIF
KANWIL DKI JAKARTA,PPK-191108,KLINIK PRATAMA AFIA,,JALAN KALI PASIR NO 12 RT 10 RW 01JAKARTA PUSAT,021,(021) 3901458,087883534835,(021) 3901458,(021) 3901458,KLINIK TC,AKTIF
KANWIL DKI JAKARTA,PPK-191107,KLINIK DAARUS SYIFA,,JALAN KH MAS MANSYUR NO 47 MENTENG JAKARTA PUSAT,021,39831921,087883534835,,,KLINIK TC,AKTIF
KANWIL DKI JAKARTA,PPK-181107,LEMBAGA/ BALAI LATIHAN KERJA PROPINSI JAKARTA SELATAN,,JL BUNCIT RAYA NO 440 JAKARTA SELATAN,,,,,,BLK / TRAINING CENTRE,AKTIF
KANWIL DKI JAKARTA,PPK-171121,RSJ DR SOEHARTO HEERDJAN,"-6.162784029156312, 106.78811445865416",JL PROF DR LATUMENTEN NO.1 JAKARTA BARAT,021,0215682841,081385258528,,,RUMAH SAKIT TC,AKTIF
KANWIL DKI JAKARTA,PPK-171122,RUMAH SAKIT UMUM DAN PEKERJA,"-6.145376847273074, 106.9233328514499","JALAN RAYA CAKUNG CILINCING RT.2/RW.1, SUKAPURA, CILINCING, NORTH JAKARTA CITY, SPECIAL CAPITAL REGION OF JAKARTA 14140",021,29484848,081340125895,29484848,29484848,RUMAH SAKIT TC,AKTIF
KANWIL DKI JAKARTA,PPK-161111,RSU MARINIR CILANDAK,"-6.304810895324847, 106.8103902314951",JL RAYA CILANDAK KKO,,,081574791026,,,RUMAH SAKIT TC,AKTIF
KANWIL DKI JAKARTA,PPK-161104,KLINIK UTAMA FAKHIRA,,"JL. SAWAH LUNTO NO. 83A RT 002/001, PASAR MANGGIS - SETIABUDI",021,83707368,087788597013,83707368,83707368,KLINIK TC,AKTIF
KANWIL DKI JAKARTA,PPK-161106,KLINIK PRATAMA FAKHIRA - MENTENG WADAS,,"JL. MENTENG WADAS TIMUR NO. 121A, KEL. PASAR MANGGIS, SETIABUDI",021,83707368,087788597013,83707368,83707368,KLINIK TC,AKTIF
KANWIL DKI JAKARTA,PPK-161105,KLINIK PRATAMA FAKHIRA AL BARKAH,,"JL. ALBARKAH NO.34 RT 012/03, KEL. MANGGARAI SELATAN, TEBET",021,83707848,0877-8859-7013,83707848,83707848,KLINIK TC,AKTIF
KANWIL DKI JAKARTA,PPK-161107,KLINIK PRIMARINI,,"SAHID METROPOLITAN RESIDENCE, JL. ANGGREK RAYA KAV. 293-295, KARET-SETIABUDI-JAKARTA SELATAN",021,97265271,021-97265271,97265271,97265271,KLINIK TC,AKTIF
KANWIL DKI JAKARTA,PPK-151113,PKM KEL RAWAMANGUN,,JL TAMAN JELITA UTARA 5,,,,,,KLINIK TC,AKTIF
KANWIL DKI JAKARTA,PPK-151114,PKM KEL PISANGAN TIMUR 1,,JL GADING RAYA I,,,,,,KLINIK TC,AKTIF
KANWIL DKI JAKARTA,PPK-151115,PKM KEL PISANGAN TIMUR 2,,JL H MUGENI III,,,,,,KLINIK TC,AKTIF
KANWIL DKI JAKARTA,PPK-151116,PKM KEL KAYU PUTIH,,JL PLAFON I KAMP AMBON,,,,,,KLINIK TC,AKTIF
KANWIL DKI JAKARTA,PPK-151117,PKM KEL JATINEGARA KAUM,,JL T BADARUDIN RT 01/05,,,,,,KLINIK TC,AKTIF
KANWIL DKI JAKARTA,PPK-151118,PKM KEL JATI 2,,JL KAPLONGAN I NO 67,,,,,,KLINIK TC,AKTIF
KANWIL DKI JAKARTA,PPK-151119,PKM KEL JATI 1,,JL PULO ASEM IV,,,,,,KLINIK TC,AKTIF
KANWIL DKI JAKARTA,PPK-151120,PKM KEL CIPINANG,,JL E1 MESJID BAITUSSALAM,,,,,,KLINIK TC,AKTIF
KANWIL DKI JAKARTA,PPK-151121,RSUP PERSAHABATAN,"-6.202741831937097, 106.88493352042126",JL PERSAHABATAN RAYA NO 1 RAWAMANGUN,,,,,,RUMAH SAKIT TC,AKTIF
KANWIL DKI JAKARTA,PPK-151122,PUSKESMAS KEC PULOGADUNG,,JL KAYU PUTIH SELATAN III/2B,,,,,,KLINIK TC,AKTIF
KANWIL DKI JAKARTA,PPK-151107,RSUD PASAR MINGGU,"-6.293997537278704, 106.82003514356869",TB SIMATUPANG NO 1,021,29059999,08121482134,29059999,29059999,RUMAH SAKIT TC,AKTIF
KANWIL DKI JAKARTA,PPK-141142,PKM KEL RAWA BUNGA,,JL JATINEGARA TIMUR IV,,,,,,KLINIK TC,AKTIF
KANWIL DKI JAKARTA,PPK-141143,PKM KEL KAMPUNG MELAYU,,JL KEBON PALA I,,,,,,KLINIK TC,AKTIF
KANWIL DKI JAKARTA,PPK-141144,PKM KEL CIPINANG MUARA,,JL BB I RT 06/15,,,,,,KLINIK TC,AKTIF
KANWIL DKI JAKARTA,PPK-141145,PKM KEL CIPINANG CEMPEDAK,,JL CIPINANG CEMPEDAK IV NO 2,,,,,,KLINIK TC,AKTIF
KANWIL DKI JAKARTA,PPK-141146,PKM KEL CIPINANG BESAR UTARA,,JL CIPINANG PULO MAJA,,,,,,KLINIK TC,AKTIF
KANWIL DKI JAKARTA,PPK-141147,PKM KEL CIPINANG BESAR SEL 2,,JL PANCAWARGA IV 4,,,,,,KLINIK TC,AKTIF
KANWIL DKI JAKARTA,PPK-141148,PKM KEL CIPINANG BESAR SEL 1,,JL CIPINANG JAYA FF NO 8,,,,,,KLINIK TC,AKTIF
KANWIL DKI JAKARTA,PPK-141149,PKM KEL BIDARA CINA 3,,JL TANJUNG LENGKONG RT 17/07,,,,,,KLINIK TC,AKTIF
KANWIL DKI JAKARTA,PPK-141150,PKM KEL BIDARA CINA 2,,JL NILAM RT 13/11,,,,,,KLINIK TC,AKTIF
KANWIL DKI JAKARTA,PPK-141152,PKM KEL BIDARA CINA 1,,JL OTISTA NO 82,,85903677,,,,KLINIK TC,AKTIF
KANWIL DKI JAKARTA,PPK-141153,PKM KEL BALI MESTER,,JL WEDANA DALAM RT 07/01,,85908911,,,,KLINIK TC,AKTIF
KANWIL DKI JAKARTA,PPK-141154,PUSKESMAS KEC JATINEGARA,,JL MATRAMAN RAYA NO 220,,,,,,KLINIK TC,AKTIF
KANWIL DKI JAKARTA,PPK-151112,RUMAH SAKIT UMUM PADEMANGAN,"-6.132832099917841, 106.84026718217329",JL.  BUDI MULIA RAYA 2 ANCOL PEDEMANGAN,,0216452346,081338152525,081338152525,081338152525,RUMAH SAKIT TC,AKTIF
KANWIL DKI JAKARTA,PPK-141139,KLINIK CAHAYA MURNI,,JL KAHFI II NO 55 JAGAKARSA,021,78890362,085210712068,,,KLINIK TC,AKTIF
KANWIL DKI JAKARTA,PPK-342787,KLINIK CAHAYA KEBAGUSAN,,APARTEMENT KEBAGUSAN CITY,021,29326819/20,081386418179,29326819/20,29326819/20,KLINIK TC,AKTIF
KANWIL DKI JAKARTA,PPK-141155,RS HARUM SISMA MEDIKA,"-6.248107951110848, 106.90942787609818",JL TARUM BARAT KALIMALANG,,,,,,RUMAH SAKIT TC,AKTIF
KANWIL DKI JAKARTA,PPK-141131,PKM KEL UTAN KAYU UTARA,,JL KOMP KEHAKIMAN NO 96,,85900050,,,,KLINIK TC,AKTIF
KANWIL DKI JAKARTA,PPK-141130,PKM KEL UTAN KAYU SELATAN 2,,JL GALUR SARI RAYA,,,,,,KLINIK TC,AKTIF
KANWIL DKI JAKARTA,PPK-141151,PKM KEL UTAN KAYU SELATAN I,,JL SKIP UJUNG,,,,,,KLINIK TC,AKTIF
KANWIL DKI JAKARTA,PPK-141128,PKM KEL KEBON MANGGIS,,KEBON MANGGIS,,,,,,KLINIK TC,AKTIF
KANWIL DKI JAKARTA,PPK-141129,PKM KEL PALMERIAM,,JL PALMERIAM RAYA NO 6A,,,,,,KLINIK TC,AKTIF
KANWIL DKI JAKARTA,PPK-141127,PKM KEL KAYUMANIS,,JL KAYUMANIS II NO 27B,,,,,,KLINIK TC,AKTIF
KANWIL DKI JAKARTA,PPK-141132,PUSKESMAS KEC MATRAMAN,,JL KEBON KELAPA RAYA NO 29,,,,,,KLINIK TC,AKTIF
KANWIL DKI JAKARTA,PPK-141105,KLINIK IBIN SINA,,JALAN PENDIDIKAN RAYA NO. 33,021,86603270,081586614210,86603270,86603270,KLINIK TC,AKTIF
KANWIL DKI JAKARTA,PPK-131121,RSUP NASIONAL DR. CIPTO MANGUNKUSUMO,"-6.197113711991648, 106.84672247758292",JALAN DIPONEGORO NOMOR 71 JAKARTA PUSAT,021,3143767/1500135,081291461361,,,RUMAH SAKIT TC,AKTIF
KANWIL DKI JAKARTA,PPK-131117,RUMAH SAKIT KHUSUS DAERAH DUREN SAWIT,"-6.23193396864923, 106.90935130814536","JL. DUREN SAWIT BARU NO. 2 JAKARTA TIMUR, DKI JAKARTA, INDONESIA",021,0218615555,08179987618,0218615555,0218615555,RUMAH SAKIT TC,AKTIF
KANWIL DKI JAKARTA,PPK-131118,RS PUSAT OTAK NASIONAL,"-6.246077650928367, 106.87045859412488",JL. MT HARYONO KAV.11 CAWANG JAKARTA TIMUR,021,29373377,085692306115,29373377,29373377,RUMAH SAKIT TC,AKTIF
KANWIL DKI JAKARTA,PPK-141120,RUMAH SAKIT BHAYANGKARA TK.I R. SAID SUKANTO,"-6.269592489833939, 106.87073959376787",JALAN RAYA BOGOR KRAMAT JATI JAKARTA TIMUR,021,,082111233309,,,RUMAH SAKIT TC,AKTIF
KANWIL DKI JAKARTA,PPK-131120,RSPAD GATOT SOEBROTO DITKESAD,"-6.17614863445731, 106.83758154269263",JL DR ABDUL RAHMAN SALEH NO 24 SENEN JAKARTA PUSAT,021,3441008/3511792,08131000869,,,RUMAH SAKIT TC,AKTIF
KANWIL DKI JAKARTA,PPK-181108,RSIA YADIKA,,RSIA YADIKA,,,08888912369,,,RUMAH SAKIT TC,AKTIF
KANWIL DKI JAKARTA,PPK-91058,RSTC SUMBER WARAS,"-6.1668391229467, 106.7978267174586","JL KYAI TAPA NO.1 TOMANG, GROGOL PETAMBURAN, JAKARTA BARAT",021,021-5682011,082211010800,021-5682011,021-5682011,RUMAH SAKIT TC,AKTIF
KANWIL DKI JAKARTA,PPK-71061,RSUD BUDHI ASIH,"-6.255934247386758, 106.86299430558695",JALAN DEWI SARTIKA CAWANG III NO. 200 JAKARTA TIMUR,021,,082112594118,,,RUMAH SAKIT TC,AKTIF
KANWIL DKI JAKARTA,PPK-71060,RSTC DUTA INDAH,"-6.138479636894603, 106.78384154105103",JL TELUK GONG RAYA NO 12,021,66676188,087877535576,66676188,66676188,RUMAH SAKIT TC,AKTIF
KANWIL DKI JAKARTA,PPK-31093,RSTC OMNI PULOMAS,"-6.180184692380151, 106.88377628682957","JL. PULOMAS BARAT VI NO.20, JAKARTA TIMUR",,2977 9999,081212345678,,,RUMAH SAKIT TC,AKTIF
KANWIL DKI JAKARTA,PPK-11077,RS KHUSUS BEDAH RAWAMANGUN,"-6.1963911630011, 106.88545045477396",JL BALAI PUSTAKA RAYA NO. 29-31 RAWAMANGUN,,,,,,RUMAH SAKIT TC,AKTIF
KANWIL DKI JAKARTA,PPK-11078,RS COLUMBIA ASIA RAWAMANGUN,"-6.182412481320992, 106.891083767911","JL KAYU PUTIH RAYA NO. 1, PULOGADUNG JAKTIM",,29459999,,,,RUMAH SAKIT TC,AKTIF
KANWIL DKI JAKARTA,PPK-11080,KLINIK NAYAKA 09 DKI JAKARTA,,JL RAYA BEKASI TIMUR NO 6 RT 01/02 KLENDER JATINEGARA KAUM,,29688716,,,,KLINIK TC,AKTIF
KANWIL DKI JAKARTA,PPK-11081,KLINIK SUKMA ANGGREK,,JL BEKASI TIMUR RAYA KM 18 JATINEGARA - CAKUNG JAKTIM,021,46823314,,46823314,46823314,KLINIK TC,AKTIF
KANWIL DKI JAKARTA,PPK-1068,RSU KECAMATAN JAGAKARSA,"-6.316237635802875, 106.81135593441692",JL M KAHFI I NO 27A JAGAKARSA,,,,78882455,78882455,RUMAH SAKIT TC,AKTIF
KANWIL DKI JAKARTA,9676,PUSKESMAS KELURAHAN MUNJUL,,,,,,,,,AKTIF
KANWIL DKI JAKARTA,9675,PUSKESMAS KELURAHAN PONDOK RANGGON II,,,,,,,,,AKTIF
KANWIL DKI JAKARTA,9674,PUSKESMAS KELURAHAN PONDOK RANGGON I,,,,,,,,,AKTIF
KANWIL DKI JAKARTA,9673,PUSKESMAS KELURAHAN CIPAYUNG,,,,,,,,,AKTIF
KANWIL DKI JAKARTA,9672,PUSKESMAS KELURAHAN CILANGKAP,,,,,,,,,AKTIF
KANWIL DKI JAKARTA,9671,PUSKESMAS KELURAHAN SETU,,,,,,,,,AKTIF
KANWIL DKI JAKARTA,9670,PUSKESMAS KELURAHAN  CEGER,,,,,,,,,AKTIF
KANWIL DKI JAKARTA,9669,PUSKESMAS KEL BAMBU APUS II,,,,,,,,,AKTIF
KANWIL DKI JAKARTA,9668,PUSKESMAS KEL BAMBU APUS I,,,,,,,,,AKTIF
KANWIL DKI JAKARTA,9667,PUSKESMAS KEL LUBANG BUAYA,,,,,,,,,AKTIF
KANWIL DKI JAKARTA,9652,PUSKESMAS KECAMATAN CIPAYUNG,,JL BAMBU HITAM NO 104 RT 104/04 KELURAHAN CIPAYUNG,,,,,,,AKTIF
KANWIL DKI JAKARTA,9645,RS SILOAM TB SIMAPTUPANG,"-6.292163732351791, 106.78439820127609",JL RA KARTINI NO 8 CILANDAK,021,29531900,,29531900,29531900,RUMAH SAKIT TC,AKTIF
KANWIL DKI JAKARTA,9644,RS PRIKASIH,"-6.314736554127179, 106.79386706770768",JL RS FATMAWATI RAYA NO 74 PONDOK LABU CILANDAK,021,7504669,,75014669,75014669,RUMAH SAKIT TC,AKTIF
KANWIL DKI JAKARTA,9597,PUSKESMAS KELURAHAN SRENGSENG,,JL SRENGSENG RT 01/02,021,02168534572,085717240278,02168534572,02168534572,KLINIK TC,AKTIF
KANWIL DKI JAKARTA,9596,PUSKESMAS KELURAHAN JOGLO II,,JL RAYA JOGLO RT 011/02 KOMP PEMADAM KEBAKARAN,021,58902737,085717240278,02158902737,02158902737,KLINIK TC,AKTIF
KANWIL DKI JAKARTA,9595,PUSKESMAS KELURAHAN JOGLO I,,JL MESJID AL-MUBARAK II RT 02/08,021,5840451,085717240278,0215840451,0215840451,KLINIK TC,AKTIF
KANWIL DKI JAKARTA,9594,PUSKESMAS KELURAHAN MERUYA SELATAN I,,JL MERUYA SELATAN RT 07/04,02,68534571,085717240278,,,KLINIK TC,AKTIF
KANWIL DKI JAKARTA,9593,PUSKESMAS KELURAHAN MERUYA UTARA,,JL RAYA MERUYA ILIR RT 05/04,021,5843136,085717240278,0215843136,0215843136,KLINIK TC,AKTIF
KANWIL DKI JAKARTA,9592,PUSKESMAS KELURAHAN KEMBANGAN SELATAN,,JL RAYA KEMBANGAN RT 007/001,021,70642117,085717240278,02170642117,02170642117,KLINIK TC,AKTIF
KANWIL DKI JAKARTA,9591,PUSKESMAS KELURAHAN KEMBANGAN UTARA,,JL RAYA KEMBANGAN RT 005/002,021,02168534570,085717240278,02168534570,02168534570,KLINIK TC,AKTIF
KANWIL DKI JAKARTA,9590,PUSKESMAS KECAMATAN KEMBANGAN,,"JL H. SAABA PERUM WALIKOTA BLOK C7 RT 006/RW 03 MERUYA SELATAN, JAKARTA BARAT",021,5859081,085717240278,0215859081,0215859081,KLINIK TC,AKTIF
KANWIL DKI JAKARTA,8170,RS ISLAM JAKARTA SUKAPURA,"-6.139655549245558, 106.92088626525967",,021,4400781,,,,RUMAH SAKIT TC,AKTIF
KANWIL DKI JAKARTA,7465,RS RIDWAN MAUREKSA,"-6.294411300534825, 106.88254883231812","Jl. Taman Mini I No.4, RT.4/RW.2, Pinang Ranti, Kec. Makasar, Kota Jakarta Timur, Daerah Khusus Ibukota Jakarta 13560",,,,,,RS. TRAUMA CENTRE,AKTIF
KANWIL DKI JAKARTA,9574,PUSKESMAS KELURAHAN PENGGILINGAN ELOK,,PERUMAHAN ANEKA ELOK,021,4807827,,,,,AKTIF
KANWIL DKI JAKARTA,9573,PUSKESMAS KELURAHAN JATINEGARA,,JL RAYA BEKASI KM 17,021,4612345,,,,,AKTIF
KANWIL DKI JAKARTA,9572,PUSKESMAS KELURAHAN RAWA TERATAI,,JL RAYA BEKASI KM 21 CAKUNG,021,46829720,,,,,AKTIF
KANWIL DKI JAKARTA,9571,PUSKESMAS KELURAHAN CAKUNG TIMUR,,JL BALAI RAKYAT NO 87,021,4682910,,,,,AKTIF
KANWIL DKI JAKARTA,9570,PUSKESMAS KELURAHAN PENGGILINGAN PIK,,KOMP PIK PENGGILINGAN,021,46829710,,,,,AKTIF
KANWIL DKI JAKARTA,9569,PUSKESMAS KELURAHAN PULOGEBANG,,JL RAYA STASIUN KM 4 CAKUNG,021,4807828,,,,,AKTIF
KANWIL DKI JAKARTA,7045,KLINIK JEPEKA NARADA 03,,JALAN TANGKAS BARU NO 1,021,5260729,,,,PPK I,AKTIF
KANWIL DKI JAKARTA,9126,RUMAH SAKIT HUSADA,"-6.147517393944918, 106.8294052409228",JLN. RAYA MANGGA BESAR NO.137-139 JAKARTA PUSAT 10730,021,6260108,SELLY ARIYANTI,,,RS. TRAUMA CENTRE,AKTIF
KANWIL DKI JAKARTA,8949,KLINIK PERTAMEDIKA,,JL. PERWIRA NO.2-4 KEL. GAMBIR KEC. GAMBIR JAKARTA PUSAT,,,,,,RS. TRAUMA CENTRE,AKTIF
KANWIL DKI JAKARTA,8547,PUSKESMAS KELURAHAN KAMAL MUARA,,JL KAMAL MUARA RT 07/01,021,55959125,,55959125,55959125,RS. TRAUMA CENTRE,AKTIF
KANWIL DKI JAKARTA,8062,RS JAKARTA,"-6.219341203107357, 106.81634968398032",JLN GARNISUN NO 1 JEND SUDIRMAN,021,5732241,KUSTRIJANTO,5731828,5731828,RS. TRAUMA CENTRE,AKTIF
KANWIL DKI JAKARTA,6602,RS ATMAJAYA,"-6.125852712885542, 106.79327790070808",JL PLUIT RAYA NO 2,021,6606127,"IBU HAPPY, DR MARCIA MARIMBA",,,RUMAH SAKIT TC,AKTIF
KANWIL DKI JAKARTA,9029,PUSKESMAS KELURAHAN TAMANSARI,,JL MANGGA BESAR XIII,021,6247319,,6247319,6247319,RS. TRAUMA CENTRE,AKTIF
KANWIL DKI JAKARTA,7117,RS MULYASARI,"-6.129169681031256, 106.90652717324896",JL RAYA PLUMPANG SEMPER NO 19 KOJA JAKARTA UTARA,021,43931111,,43931111,43931111,RS. TRAUMA CENTRE,AKTIF
KANWIL DKI JAKARTA,6932,RS ISLAM JAKARTA CEMPAKA PUTIH,"-6.170684562642648, 106.87088856657876",JL CEMPAKA PUTIH TENGAH  I/1,,,BAMBANG,,,RS. TRAUMA CENTRE,AKTIF
KANWIL DKI JAKARTA,7041,KLINIK ANNISA CIRACAS,,JL.CIRACAS  NO 18,021,87720807,DRA.BETRIDA RASYIDIN. APT,8125843,8125843,KLINIK TC,AKTIF
KANWIL DKI JAKARTA,9216,RS FATMAWATI,"-6.295107150774608, 106.79646944596612",DI JL RS FATMAWATI CILANDAK,021,7501524,IBU RITA,7501524,7501524,RUMAH SAKIT TC,AKTIF
KANWIL DKI JAKARTA,7851,RS BHAKTI MULYA,"-6.199585251371929, 106.80059168145704",JL AIPDA KS TUBUN NO 79 SLIPI JAKARTA BARAT,021,5481625,,5481625,5481625,RS. TRAUMA CENTRE,AKTIF
KANWIL DKI JAKARTA,8554,PUSKESMAS KELURAHAN PEJAGALAN,,"JL TELUK GONG KAV RT 003/12, PENJARINGAN",021,6616245,,6616245,6616245,RS. TRAUMA CENTRE,AKTIF
KANWIL DKI JAKARTA,7718,RS BHAYANGKARA SESPIMMA POLRI,,JL CIPUTAT RAYA NO 40 KEBAYORAN LAMA,021,7650384,EKA DAMAYANTI,7650384,7650384,RUMAH SAKIT TC,AKTIF
KANWIL DKI JAKARTA,8646,PUSAT PELATIHAN KERJA DAERAH JAKARTA TIMUR,,JALAN JATINEGARA BARAT NO 142 JAKTIM,,,DIDIK SUPARDI (KEPALA PPKD),,,RS. TRAUMA CENTRE,AKTIF
KANWIL DKI JAKARTA,6979,KLINIK WAHANA SEJAHTERA III,,JL WARAKAS I NO 5 RT/RW 003/001 KEL. WARAKAS,021,43934695,DRG HADI SANTOSO,43934695,43934695,RS. TRAUMA CENTRE,AKTIF
KANWIL DKI JAKARTA,9038,PUSKESMAS KELURAHAN KEAGUNGAN,,JL KEBON SAYUR I NO.6,021,6281130,,6281130,6281130,RS. TRAUMA CENTRE,AKTIF
KANWIL DKI JAKARTA,8889,RS AGUNG,,JL. SULTAN AGUNG NO.67,021,8294955,081222643101,8294955,8294955,RUMAH SAKIT TC,AKTIF
KANWIL DKI JAKARTA,7113,RS TEBET,,JL MT HARYONO KAV. 13,021,8307540,ARIF NOFTIANDRI (085210110136),8307540,8307540,RUMAH SAKIT TC,AKTIF
KANWIL DKI JAKARTA,8552,PUSKESMAS PENJARINGAN II,,JL RAWA BEBEK PASAR ROYAL,021,66696407,,66696407,66696407,RS. TRAUMA CENTRE,AKTIF
KANWIL DKI JAKARTA,7931,RS MH THAMRIN SALEMBA,,JALAN SALEMBA TENGAH NO 24 -28 JAKARTA PUSAT,,,,,,RS. TRAUMA CENTRE,AKTIF
KANWIL DKI JAKARTA,8546,PUSKESMAS KECAMATAN PENJARINGAN,,"JL RAYA TELUK GONG NO 2, PENJARINGAN",021,6694917,,6694917,6694917,RS. TRAUMA CENTRE,AKTIF
KANWIL DKI JAKARTA,5535,RSTC RS ISLAM PONDOK KOPI,,JALAN RAYA PONDOK KOPI,021,8610471,BAPAK SUDRAJAT/BAPAK ANGGORO,,,RS. TRAUMA CENTRE,AKTIF
KANWIL DKI JAKARTA,9287,RUMAH SAKIT UMUM KECAMATAN KOJA,"-6.1274044073528255, 106.90706019776013",JLN. WALANG PERMAI NO 39  KEC KOJA,,,08161159626,08161159626,08161159626,RS. TRAUMA CENTRE,AKTIF
KANWIL DKI JAKARTA,9049,PUSKESMAS KELURAHAN MAPHAR,,JL KEBON JERUK X,021,6592603,,6592603,6592603,RS. TRAUMA CENTRE,AKTIF
KANWIL DKI JAKARTA,9041,PUSKESMAS KELURAHAN KRUKUT,,JL KRUKUT LIO,021,6319817,,6319817,6319817,RS. TRAUMA CENTRE,AKTIF
KANWIL DKI JAKARTA,9027,PUSKESMAS KECAMATAN TAMANSARI,,JL MADU NO.10 MANGGABESAR TAMANSARI,021,6247319,,6247319,6247319,RS. TRAUMA CENTRE,AKTIF
KANWIL DKI JAKARTA,9129,RS ZAHIRAH,,JL. SIRSAK NO.21 JAGAKARSA JAKARTA SELATAN,021,7872210,"ROBI HARI SETIAWAN,SE,MM",78888723,78888723,RS. TRAUMA CENTRE,AKTIF
KANWIL DKI JAKARTA,8466,PUSAT PELATIHAN KERJA PENGEMBANGAN INDUSTRI (PPKPI) PASAR REBO,,JL RAYA BOGOR KM 23 PASAR REBO,021,8400724,SUMINARSIH WAGE,8400724,8400724,BLK / TRAINING CENTRE,AKTIF
KANWIL DKI JAKARTA,8642,PUSAT PELATIHAN KERJA DAERAH JAKARTA UTARA,,"JL. GEREJA TUGU NO.20 SEMPER BARAT, JAKARTA UTARA",021,4401066,RUDOLF TAMBUNAN,4401066,4401066,RS. TRAUMA CENTRE,AKTIF
KANWIL DKI JAKARTA,7110,RSIA EVASARI,,JL. RAWAMANGUN NO. 27 PRAMUKA JAKARTA PUSAT 10570,021,4202851,,,,RS. TRAUMA CENTRE,AKTIF
KANWIL DKI JAKARTA,8549,PUSKESMAS KELURAHAN KAPUK MUARA,,JL KAPUK KAMAL NO 28,021,6678173,,6678173,6678173,RS. TRAUMA CENTRE,AKTIF
KANWIL DKI JAKARTA,7874,KLINIK RESTU IBU PONCOL,,JL.PONCOL NO.4 RT 01/05 KEL SUSUKAN CIRACAS,021,87783668,,081380804849,081380804849,KLINIK TC,AKTIF
KANWIL DKI JAKARTA,7878,KLINIK RESTU IBU DUKUH,,JALAN PENGGILINGAN BARU NO 3,021,87783668,,081380804849,081380804849,KLINIK TC,AKTIF
KANWIL DKI JAKARTA,6942,KLINIK OILIA MEDICAL CENTRE,,JL SWASEMBADA BARAT XII NO 2E KEBON BAWANG,021,43901357,DR SILVY HERYANTI,43901357,43901357,RS. TRAUMA CENTRE,AKTIF
KANWIL DKI JAKARTA,7027,RS PERTAMINA JAYA,,JL.JEND.ACHMAD YANI NO 2 CEMPAKA PUTIH,021,4211911,,4211911,4211911,RS. TRAUMA CENTRE,AKTIF
KANWIL DKI JAKARTA,7039,KLINIK PRATAMA SEJAHTERA MITRA AFIA,,JL.DEWI SARTIKA,021,80877102,AFIAH BALADRAF,,,RS. TRAUMA CENTRE,AKTIF
KANWIL DKI JAKARTA,6970,KLINIK ALAM MEDIKA II,,GEDUNG GUPPI JL PLUIT SELATAN RAYA NO 5A,021,66603403,,,,RS. TRAUMA CENTRE,AKTIF
KANWIL DKI JAKARTA,5700,RS HARAPAN JAYAKARTA,,JL BEKASI TIMUR RAYA NO 6 KM 18 PULOGADUNG,021,4603916,,46822879,46822879,RUMAH SAKIT TC,AKTIF
KANWIL DKI JAKARTA,8633,PUSKESMAS KELURAHAN RAWASARI,,"JL PRAMUKA SARI 1 RT 01/08, RAWASARI, JAKARTA PUSAT",,,,,,RS. TRAUMA CENTRE,AKTIF
KANWIL DKI JAKARTA,7605,RSTC ROYAL TARUMA,,JL DAAN MOGOT NO 34 JAKARTA,021,56967788,AMALIA SULAEMAN,56967788,56967788,RS. TRAUMA CENTRE,AKTIF
KANWIL DKI JAKARTA,8570,RSU KECAMATAN MAMPANG PRAPATAN,,JL. KAPTEN TENDEAN NO.9 JAKARTA SELATAN,021,79192187,DR. DEWI SRI RACHMAWATI SP.A,79192187,79192187,RS. TRAUMA CENTRE,AKTIF
KANWIL DKI JAKARTA,8551,PUSKESMAS KELURAHAN PLUIT,,JL MUARA ANGKE,021,6678173,,,,RS. TRAUMA CENTRE,AKTIF
KANWIL DKI JAKARTA,8068,RUMAH SAKIT PURI MEDIKA,,JALAN SUNGAI BAMBU NO.5 TANJUNG PRIOK,021,43903355,"IBU ENNA, IBU EVRILLIA",43903355,43903355,RS. TRAUMA CENTRE,AKTIF
KANWIL DKI JAKARTA,8070,RUMAH SAKIT PORT MEDICAL CENTER,,JLN ENGGANO NO 10 TANJUNG PRIOK,021,43902350,"IBU NIA, IBU NILA",43902350,43902350,RS. TRAUMA CENTRE,AKTIF
KANWIL DKI JAKARTA,8027,RS GANDARIA,,JLN GANDARIA TENGAH II NO 6-14 JAK SEL,021,7203311,0852 8981 7474,7203311,7203311,RS. TRAUMA CENTRE,AKTIF
KANWIL DKI JAKARTA,6990,KLINIK SUNTER MEDICAL CENTER,,JL. SUNTER KEMAYORAN KEL SUNTER JAYA NO 4 RT 2/3,021,6504226,TITIN SUPRIHATIN,6504226,6504226,RS. TRAUMA CENTRE,AKTIF
KANWIL DKI JAKARTA,6978,KLINIK WAHANA SEJAHTERA I,,JL TIPAR CAKUNG SUKAPURA RT/RW 01/01,021,4414662,DR HADI SANTOSO,4414662,4414662,RS. TRAUMA CENTRE,AKTIF
KANWIL DKI JAKARTA,6683,RS.UKI,,JL. MAYJEN SUTOYO NO. 2 CAWANG,021,8092317,081319528075,8092317,8092317,RS. TRAUMA CENTRE,AKTIF
KANWIL DKI JAKARTA,9033,PUSKESMAS KELURAHAN MANGGA BESAR,,JL BLUSTRU NO.16,021,6595342,,95342,95342,RS. TRAUMA CENTRE,AKTIF
KANWIL DKI JAKARTA,7873,KLINIK BUDHI PRATAMA KALISARI,,JL RAYA KALISARI 2 NO 120,021,87782670,,081380804849,081380804849,KLINIK TC,AKTIF
KANWIL DKI JAKARTA,8550,PUSKESMAS KELURAHAN PENJARINGAN I,,JL RAYA PLUIT SELATAN NO 2,021,669377,,6696377,6696377,RS. TRAUMA CENTRE,AKTIF
KANWIL DKI JAKARTA,8326,RS MAYAPADA,,JL LEBAK BULUS I KAV 20 CILANDAK JAKARTA SELATAN,021,29217777,089621184847,29217777,29217777,RUMAH SAKIT TC,AKTIF
KANWIL DKI JAKARTA,7336,RS PELABUHAN JAKARTA,,JL KRAMAT JAYA TANJUNG PRIOK,021,4403026,,4403026,4403026,RS. TRAUMA CENTRE,AKTIF
KANWIL DKI JAKARTA,6943,KLINIK WAHANA SEJAHTERA 2,,JL KEBON BAWANG VI NO 23 TANJUNG PRIOK,021,92679357,AGUNG MUHAREZA,92679357,92679357,RS. TRAUMA CENTRE,AKTIF
KANWIL DKI JAKARTA,6936,RSUD KOJA,"-6.1086447239042405, 106.89996701975004",JALAN DELI NO 4 TANJUNG PRIOK,021,43938478,IBU KARMINI/IBU DARTI,43938478,43938478,RS. TRAUMA CENTRE,AKTIF
KANWIL DKI JAKARTA,8620,PUSKESMAS KECAMATAN CEMPAKA PUTIH,,JL CEMPAKA PUTIH BARAT XIX NO 2 RT 07/07,,,,,,RS. TRAUMA CENTRE,AKTIF
KANWIL DKI JAKARTA,8623,PUSKESMAS KELURAHAN CEMPAKA PUTIH BARAT II,,JL CEMPAKA PUTIH BARAT 2D NO 10A,,,,,,RS. TRAUMA CENTRE,AKTIF
KANWIL DKI JAKARTA,8576,PUSAT PELATIHAN KERJA DAERAH JAKARTA PUSAT,,JALAN KARET PASAR BARU V NO 23 BENDUNGAN HILIR JAKARTA PUSAT,,,,,,RS. TRAUMA CENTRE,AKTIF
KANWIL DKI JAKARTA,8026,RSTC MEDIKA PERMATA HIJAU,"-6.218241260642218, 106.7779587800929",JL RAYA KEBAYORAN LAMA NO.64 JAKARTA BARAT,021,5347411,DR TITI,,,RS. TRAUMA CENTRE,AKTIF
KANWIL DKI JAKARTA,7047,RS PELNI,"-6.193329354433728, 106.80474369461511",JL AIPDA KS TUBUN 92-94,021,5485870,YULIANI,5306901,5306901,RS. TRAUMA CENTRE,AKTIF
KANWIL DKI JAKARTA,9566,PUSKESMAS KELURAHAN CAKUNG BARAT,,JL RAYA TIPAR CAKUNG BARAT,021,46829709,,,,,AKTIF
KANWIL DKI JAKARTA,9565,PUSKESMAS KELURAHAN UJUNG MENTENG,,JL RAYA BEKASI KM.26,021,46828217,,,,,AKTIF
KANWIL DKI JAKARTA,9564,PUSKESMAS KECAMATAN CAKUNG,,JL RAYA BEKASI KM.18,021,4614700,,,,,AKTIF
KANWIL DKI JAKARTA,9528,PUSKESMAS KELURAHAN BUNGUR,,JL BUNGUR BESAR IX NO 20 RT 014/01,,,,,,,AKTIF
KANWIL DKI JAKARTA,9527,PUSKESMAS KELURAHAN KWITANG,,JL KWITANG RAYA 1 C NO.27 RT 006/04,,,,,,,AKTIF
KANWIL DKI JAKARTA,9526,PUSKESMAS KELURAHAN PASEBAN,,JL KRAMAT SAWAH VII NO 7,,,,,,,AKTIF
KANWIL DKI JAKARTA,9525,PUSKESMAS KELURAHAN KENARI,,JL JAMRUD NO 22 RT 008/02,,,,,,,AKTIF
KANWIL DKI JAKARTA,9524,PUSKESMAS KELURAHAN KRAMAT,,"JL KRAMAT SENTIONG I/33, RT 010/07",,,,,,,AKTIF
KANWIL DKI JAKARTA,9523,PUSKESMAS KECAMATAN SENEN,,JL KRAMAT VII NO 31 KEL KENARI,,,,,,,AKTIF
KANWIL DKI JAKARTA,9521,RS SATYA NEGARA,,JL AGUNG UTARA RAYA BLOK A/1 JAKARTA UTARA,021,64715200,,64715200,64715200,,AKTIF
KANWIL DKI JAKARTA,9476,KLINIK PERTAMEDIKA DELI,,"JL AHMAD YANI NO 2, KEL UTAN KAYU",,,,,,,AKTIF
KANWIL DKI JAKARTA,9475,KLINIK PERTAMEDIKA MEDAN SATRIA,,"KOMPLEKS PERTAMINA MEDAN SATRIA, JL ARUN IX NO 2",,,,,,,AKTIF
KANWIL DKI JAKARTA,9473,KLINIK PERTAMEDIKA RAWAMANGUN,,JL MUNDU RAYA NO 1 RT/RW 12/04 PULO GADUNG,,,,,,,AKTIF
KANWIL DKI JAKARTA,9472,KLINIK PERTAMEDIKA YOS SUDARSO,,"JL YOS SUDARSO NO 34 ,TANJUNG PRIOK",,,,,,,AKTIF
KANWIL DKI JAKARTA,9471,KLINIK PERTAMEDIKA MEDICAL CENTRE SINABUNG,,JL SINABUNG II NO 32 F,,,,,,,AKTIF
KANWIL DKI JAKARTA,9469,KLINIK PERTAMEDIKA PATRA JASA,,GD PATRA LT 1 RUANG 1E JL JEND GATOT SUBROTO KAV 32-34,,,,,,,AKTIF
KANWIL DKI JAKARTA,9380,PUSKESMAS KEC GROGOL PETAMBURAN,,JL WIJAYA III BLOK F KOMP TAMAN DUTA MAS,021,0215648379,081283993378,0215648379,0215648379,KLINIK TC,AKTIF
