KODE_KANTOR,KANTOR_CABANG,KODE_KANWIL,KANWIL,KODE_PPK,NAMA_PPK,ALAMAT_PPK,KODE_POS_PPK,TELEPON_AREA_PPK,TELEPON_PPK,CONTACT_PERSON,TELEPON_PEMILIK,TELEPON_EXT_PEMILIK,NO_PPK,JENIS_FASKES,TGL_PPK,STATUS
K15,BANDUNG LODAYA,K15,KANWIL JAWA BARAT,PPK-532445,RUMAH SAKIT LANUD SULAIMAN,JL TERUSAN KOPO KM 10 NO 457,,022,,08126785149,,,7-11755954486,RUMAH SAKIT TC,,AKTIF
K15,BANDUNG LODAYA,K15,KANWIL JAWA BARAT,PPK-532444,KLINIK RATNASARI SEHAT,JL SOREANG BANJARAN DESA CILUNCAT,,022,,081321134979,,,7-11755426705,KLINIK TC,,AKTIF
K12,BANDUNG SOEKARNO HATTA,K12,KANWIL JAWA BARAT,PPK-542438,KLINIK AFIATI CICALENGKA,JL RAYA BARAT NO.157 CICALENGKA KAB.BANDUNG,,,0811231937,0811231937,,,7-11495091399,KLINIK TC,,AKTIF
K12,BANDUNG SOEKARNO HATTA,K12,KANWIL JAWA BARAT,PPK-542439,KLINIK AFIATI SOREANG,JL RAYA SOREANG ¿ BANJARAN NO.298 KAB.BANDUNG,,,0811231937,0811231937,,,7-11495091397,KLINIK TC,,AKTIF
K12,BANDUNG SOEKARNO HATTA,K12,KANWIL JAWA BARAT,PPK-542443,KLINIK AFIATI BOJONGSOANG,JL RAYA BOJONGSOANG NO.98 KAB.BANDUNG,,,0811231937,0811231937,,,7-11495091395,KLINIK TC,,AKTIF
K12,BANDUNG SOEKARNO HATTA,K12,KANWIL JAWA BARAT,PPK-542440,KLINIK CAHAYA QALBU,JL. LASWI NO. 480 CIKOPO CIPARAY,,,022 8596 33 55,081214696423,,,7-11491997529,KLINIK TC,,AKTIF
K12,BANDUNG SOEKARNO HATTA,K12,KANWIL JAWA BARAT,PPK-542441,KLINIK MEDIKA PRATAMA III,JL RAYA BANJARAN NO.534 RT04/06 DS. SUKASARI PAMEUNGPEUK,,,022 - 85933883,082126088521,,,7-11491997527,KLINIK TC,,AKTIF
K12,BANDUNG SOEKARNO HATTA,K12,KANWIL JAWA BARAT,PPK-542442,KLINIK MEDIKA PRATAMA II,JL RAYA BANDUNG GARUT KM.21 NO. 26A RANCAEKEK,,,022 - 87830370,082126088521,,,7-11491997525,KLINIK TC,,AKTIF
K12,BANDUNG SOEKARNO HATTA,K12,KANWIL JAWA BARAT,PPK-542444,NAYAKA ERA HUSADA 05,JL. MOH. TOHA RT. 02 RW. 06 KP. PALASARI PASAWAHAN DAYEUH KOLOT,,,022 6640384,081322181881,022 6640384,022 6640384,7-11491997523,KLINIK TC,,AKTIF
K00,BANDUNG SUCI ,K00,KANWIL JAWA BARAT,PPK-512211,KLINIK UTAMA CAHAYA KALBU,"JL. SUKARAJA NO 318, CICENDO, BANDUNG",,,,081286355604,,,7-11333739995,KLINIK TC,,AKTIF
K00,BANDUNG SUCI ,K00,KANWIL JAWA BARAT,PPK-512210,KLINIK UTAMA MEDICINE INDONESIA,"JL. TUBAGUS ISMAIL VII NO 21, BANDUNG",,,,081286355604,,,7-11333547164,KLINIK TC,,AKTIF
K00,BANDUNG SUCI ,K00,KANWIL JAWA BARAT,PPK-512209,KLINIK UTAMA PRIANGAN MEDICAL CENTER,"JL. NANA ROHANA NO 07/RT 01 RW 01 KEL WARUNG MUNCANG, BANDUND KULON",,,,081286355604,,,7-11332648223,KLINIK TC,,AKTIF
K00,BANDUNG SUCI ,K00,KANWIL JAWA BARAT,PPK-511931,KLINIK HARAPAN SEHAT,"JL. GATOT SUBROTO NO. 181, BANDUNG",,022,022-7311336,,,,7-11111131137,KLINIK TC,,AKTIF
K00,BANDUNG SUCI ,K00,KANWIL JAWA BARAT,PPK-511930,KLINIK AVASINA,"KOMP SUROPATI CORE, BLOK BOULEVARD 21, JL. PHH MOESTOPHA - BANDUNG 40192",,022,87242672,08122232193,,,7-11111131135,KLINIK TC,,AKTIF
K00,BANDUNG SUCI ,K00,KANWIL JAWA BARAT,PPK-511932,KLINIK PRATAMA PT. KAI (PERSERO) BANDUNG,"JL. KEBONKAWUNG NO. 43, BANDUNG",,,,081910059772,022 76767338,022 76767338,7-11108769053,KLINIK TC,,AKTIF
K00,BANDUNG SUCI ,K00,KANWIL JAWA BARAT,PPK-491998,RS SANTO BORROMEUS,"JL. IR H JUANDA NO. 100, BANDUNG",,,,087824104503,,,7-10881344423,RUMAH SAKIT TC,,AKTIF
K15,BANDUNG LODAYA,K15,KANWIL JAWA BARAT,PPK-321208,KLINIK MITRA MEDICARE,JL RAYA RANCAEKEK KP WARUNG CINA  DESA LINGGAR KEC RANCAEKEK KAB BANDUNG,,022,87242750,082216147886,,,7-6862596865,KLINIK TC,22/Feb/2017 00:00:00,AKTIF
K00,BANDUNG SUCI ,K00,KANWIL JAWA BARAT,PPK-432024,KLINIK MITRA MEDIKA,"JL. PENGUIN RAYA 2A, BANDUNG",,,,0812 2308 750,,,7-9604096692,KLINIK TC,,AKTIF
K15,BANDUNG LODAYA,K15,KANWIL JAWA BARAT,6817,KLINIK NAYAKA HUSADA 04,JL TERUSAN KOPO KM 12 KATAPANG KAB. BANDUNG,,022,61804614,DRS H UNDANG SYARIPUDIN,6640384,6640384,1400000000251,RS. TRAUMA CENTRE,20/Mar/2014 17:00:00,AKTIF
K00,BANDUNG SUCI ,K00,KANWIL JAWA BARAT,PPK-461878,RS ADVENT,"JL. CIHAMPELAS 161, BANDUNG",,022,,0811239350,,,7-9891739693,RUMAH SAKIT TC,,AKTIF
K00,BANDUNG SUCI ,K00,KANWIL JAWA BARAT,PPK-501874,KLINIK PRIMA HUSADA,JL. GATOT SUBROTO NO. 313,,,,081222963940,,,7-11075391853,KLINIK TC,,AKTIF
K00,BANDUNG SUCI ,K00,KANWIL JAWA BARAT,PPK-431960,KLINIK UTAMA PERISAI HUSADA,"JL. HALMAHERA NO.8, CITARUM, BANDUNG WETAN, KOTA BANDUNG, JAWA BARAT 40115",,,,085222377938,,,7-9618501728,KLINIK TC,,AKTIF
K00,BANDUNG SUCI ,K00,KANWIL JAWA BARAT,PPK-431961,KLINIK UTAMA MELATI BUNDA,JL. KIARACONDONG KOMPLEK DOLOG NO. 17 BANDUNG,,022,,022-7311759,,,7-9618387497,KLINIK TC,,AKTIF
K00,BANDUNG SUCI ,K00,KANWIL JAWA BARAT,PPK-431962,BALAI BESAR KESEHATAN PARU MASYARAKAT BANDUNG,"JL. CIBADAK NO. 214, BANDUNG",,022,6011523,0816619654,,,7-9618190436,KLINIK TC,,AKTIF
K00,BANDUNG SUCI ,K00,KANWIL JAWA BARAT,PPK-431963,KLINIK UTAMA NETRA,"JL. SUPRATMAN NO. 17, BANDUNG",,022,7201720,08122019229,,,7-9618085565,KLINIK TC,,AKTIF
K00,BANDUNG SUCI ,K00,KANWIL JAWA BARAT,PPK-431964,KLINIK UTAMA KESEHATAN JIWA NUR ILAHI,JL. PERTAMINA NO. 12 BANDUNG,,,,0812 2052 3901,,,7-9617924644,KLINIK TC,,AKTIF
K00,BANDUNG SUCI ,K00,KANWIL JAWA BARAT,PPK-431965,KLINIK YUSUF PRATAMA,"RUKO MUARA REGENCY NO. 14B, LEUWIPANJANG, BANDUNG",,,,0821 2859 7243,,,7-9617810363,KLINIK TC,,AKTIF
K00,BANDUNG SUCI ,K00,KANWIL JAWA BARAT,PPK-431966,KLNIK YUSUF MEDIKA,"JL. AHMAD YANI NO. 102, BANDUNG",,,,0812 8848 449,,,7-9616202258,KLINIK TC,,AKTIF
K00,BANDUNG SUCI ,K00,KANWIL JAWA BARAT,PPK-431967,KLINIK BANDUNG MEDICAL CENTER,"JL. CIJAGRA NO. 51A, LENGKONG, BANDUNG",,,,0856 5914 2700,,,7-9616061227,KLINIK TC,,AKTIF
K00,BANDUNG SUCI ,K00,KANWIL JAWA BARAT,PPK-431968,UPT KESEHATAN UNISBA,"JL. TAMANSARI NO. 1, BANDUNG",,022,4203368,08112310677,,,7-9615713526,KLINIK TC,,AKTIF
K00,BANDUNG SUCI ,K00,KANWIL JAWA BARAT,PPK-431969,KLINIK PRATAMA DAHLIA,"JL. ANGGREK NO. 25, BANDUNG",,022,7274463,08122035637,,,7-9615547015,KLINIK TC,,AKTIF
K00,BANDUNG SUCI ,K00,KANWIL JAWA BARAT,PPK-431970,KLINIK PRATAMA MEDIKA ANTAPANI II,"JL. PARAKANSAAT KOMP PARADISE REGENCY KAV R3, ANTAPANI, BANDUNG",,,,022-71520472,,,7-9615385554,KLINIK TC,,AKTIF
K00,BANDUNG SUCI ,K00,KANWIL JAWA BARAT,PPK-431971,KLINIK HEALTHY LIFE,JL. CARINGIN NO. 119B,,022,54410617,082118454596,,,7-9615326633,KLINIK TC,,AKTIF
K00,BANDUNG SUCI ,K00,KANWIL JAWA BARAT,PPK-431972,KLINIK POLDA JABAR,JL. BKR NO. 181 BANDUNG,,,,022-52005741,,,7-9613052244,KLINIK TC,,AKTIF
K00,BANDUNG SUCI ,K00,KANWIL JAWA BARAT,PPK-431973,KLINIK PRATAMA SECAPA AD,"JL. HEGARMANA NO. 152, BANDUNG",,,,0852 3823 0922,,,7-9612876623,KLINIK TC,,AKTIF
K00,BANDUNG SUCI ,K00,KANWIL JAWA BARAT,PPK-431974,KLINIK IMC PMI KAB BANDUNG,JL. TERUSAN AL FATHU SOREANG,,,,022-8587 4343,,,7-9612293695,KLINIK TC,,AKTIF
K00,BANDUNG SUCI ,K00,KANWIL JAWA BARAT,PPK-431975,BALKES UNPAD,"JL. DIPATI UKUR NO. 46, BANDUNG",,,,022-2512497,,,7-9612150104,KLINIK TC,,AKTIF
K00,BANDUNG SUCI ,K00,KANWIL JAWA BARAT,PPK-431976,KLINIK POLRESTABES BANDUNG,"JL. JAWA NO. 1, BANDUNG",,,,0877 2256 7615,,,7-9611710083,KLINIK TC,,AKTIF
K00,BANDUNG SUCI ,K00,KANWIL JAWA BARAT,PPK-431876,KLINIK AFIATI,"JL. KOPO NO. 59 RT 01/05, PANJULAN, ASTANA ANYAR BANDUNG",,,,,,,7-9605310980,KLINIK TC,,AKTIF
K00,BANDUNG SUCI ,K00,KANWIL JAWA BARAT,PPK-431877,KLINIK PRATAMA PT. DIRGANTARA INDONESIA,"JL. PAJAJARAN NO. 154, BANDUNG",,,,022-6055138,,,7-9605260019,KLINIK TC,,AKTIF
K00,BANDUNG SUCI ,K00,KANWIL JAWA BARAT,PPK-431878,KLINIK PRATAMA PERDITA," JL. CILENGKRANG I, RT 01/01, KEL CISURUPAN, KEC CIBIRU, BANDUNG",,,,0821 1601 8157,,,7-9605143568,KLINIK TC,,AKTIF
K00,BANDUNG SUCI ,K00,KANWIL JAWA BARAT,PPK-431880,KLINIK HIKMAH II,"JL. IBRAHIM AJI NO. 145, KIARA CONDONG, BANDUNG",,,,0858 6333 3599,,,7-9605090677,KLINIK TC,,AKTIF
K00,BANDUNG SUCI ,K00,KANWIL JAWA BARAT,PPK-431881,KLINIK HIKMAH,"JL. PESANTREN NO. 8A, RT 01/04, KELURAHAN SUKAMISKIN, KECAMATAN ARCAMANIK, BANDUNG",,,,0858 6333 3599,,,7-9604989866,KLINIK TC,,AKTIF
K00,BANDUNG SUCI ,K00,KANWIL JAWA BARAT,PPK-431883,KLINIK UJUNGBERUNG,"JL. RUMAH SAKIT NO.5 RT. 006/07, PAKEMITAN, CINAMBO, BANDUNG",,,,0858 6333 3599,,,7-9604861785,KLINIK TC,,AKTIF
K00,BANDUNG SUCI ,K00,KANWIL JAWA BARAT,PPK-431885,KLINIK UTAMA AL ISLAM AWIBITUNG,JL. AWIBITUNG NO. 29-31 CICADAS BANDUNG,,,,0821 1654 3157,,,7-9604464414,KLINIK TC,,AKTIF
K00,BANDUNG SUCI ,K00,KANWIL JAWA BARAT,PPK-431888,KLINIK CARINGIN,"JL. BABAKAN CIPARAY NO. 249, BANDUNG",,,,022-20565985,,,7-9604353013,KLINIK TC,,AKTIF
K00,BANDUNG SUCI ,K00,KANWIL JAWA BARAT,PPK-431891,KLINIK PRATAMA YASKA MEDIKA,"JL. SUKAPURA N. 22 RT 02/05, BANDUNG",,,,081382216818,,,7-9603740517,KLINIK TC,,AKTIF
K00,BANDUNG SUCI ,K00,KANWIL JAWA BARAT,PPK-431894,KLINIK UTAMA CERMAT,JL. ASTANA ANYAR  NO. 124 BANDUNG,,,,022-6018671,,,7-9603652616,KLINIK TC,,AKTIF
K00,BANDUNG SUCI ,K00,KANWIL JAWA BARAT,PPK-431895,KLINIK PRATAMA SENO MEDIKA,JL. A. YANI NO. 675-677 BANDUNG,,022,7232007,0811234887,,,7-9603359125,KLINIK TC,,AKTIF
K00,BANDUNG SUCI ,K00,KANWIL JAWA BARAT,PPK-432023,KLINIK PRATAMA KIARA SEHAT,JL. KIARA CONDONG NO. 299 BANDUNG,,,,0817623299,,,7-9601640085,KLINIK TC,,AKTIF
K00,BANDUNG SUCI ,K00,KANWIL JAWA BARAT,PPK-432022,KLINIK PRATAMA PANGESTU 2,JL. BINONG JATI IIRT. 01/06 BANDUNG,,,,08122057909,,,7-9601540074,KLINIK TC,,AKTIF
K00,BANDUNG SUCI ,K00,KANWIL JAWA BARAT,PPK-431903,KLINIK PRATAMA KOMUNITAS SEHAT CIBIRU,JL. DESA CIPADUNG- CIGAGAK IV NO. 1 BANDUNG,,022,7815743/,081322922508,,,7-9601368343,KLINIK TC,,AKTIF
K00,BANDUNG SUCI ,K00,KANWIL JAWA BARAT,PPK-431904,KLINIK PRATAMA SEHAT MARGASARI,JL. MARGASARI NO. 221 A BANDUNG,,022,87311251,081321731581,,,7-9601152818,KLINIK TC,,AKTIF
K00,BANDUNG SUCI ,K00,KANWIL JAWA BARAT,PPK-432021,KLINIK PRATAMA YKCJ. RIUNG BANDUNG,JL. RIUNG HEGAR RAYA NO. 8 BANDUNG,,,,022-7564829,,,7-9600924577,KLINIK TC,,AKTIF
K00,BANDUNG SUCI ,K00,KANWIL JAWA BARAT,PPK-431906,KLINIK PRATAMA YDPI. SUKASARI,JL. GEGERKALONG HILIR NO. 165 BANDUNG,,,,022-2012853,,,7-9600807056,KLINIK TC,,AKTIF
K00,BANDUNG SUCI ,K00,KANWIL JAWA BARAT,PPK-431908,KLINIK PRATAMA YRAP. MELONG ASIH,JL. MELONG ASIH NO. 2 BANDUNG,,,,022-60009555,,,7-9600666665,KLINIK TC,,AKTIF
K00,BANDUNG SUCI ,K00,KANWIL JAWA BARAT,PPK-432020,KLINIK PRATAMA YRAP. GEGERKALONG,JL. GEGERKALONG HILIR NO. 70 BANDUNG,,,,022-2020732,,,7-9600345094,KLINIK TC,,AKTIF
K00,BANDUNG SUCI ,K00,KANWIL JAWA BARAT,PPK-431910,KLINIK PRATAMA YRAP. TUBAGUS ISMAIL,JL. TUBAGUSA ISMAIL NO. 8A BANDUNG,,,,022-2510995,,,7-9600118003,KLINIK TC,,AKTIF
K00,BANDUNG SUCI ,K00,KANWIL JAWA BARAT,PPK-431911,KINIK PRATAMA CAHAYA KALBU,JL. GUNUNG BATU NO. 15 (DEPAN BRI SEBELAH INDOMARET) BANDUNG,,,,022-6009218,,,7-9597234554,KLINIK TC,,AKTIF
K00,BANDUNG SUCI ,K00,KANWIL JAWA BARAT,PPK-432019,KLINIK PRATAMA ASRI HUSADA 3,JL. CISARANTEN KULON NO. 127 BANDUNG,,,,022-63721177,,,7-9594682273,KLINIK TC,,AKTIF
K00,BANDUNG SUCI ,K00,KANWIL JAWA BARAT,PPK-432017,KLINIK PRATAMA ASRI HUSADA 2,JL. TITIRAN NO. 16 BANDUNG,,,,022-2507293,022-20451344,022-20451344,7-9590556743,KLINIK TC,,AKTIF
K00,BANDUNG SUCI ,K00,KANWIL JAWA BARAT,PPK-432018,KLINIK PRATAMA ASRI HUSADA 1,JL.  BEKAMIN NO. 18 BANDUNG,,,,022-87245792,,,7-9587088003,KLINIK TC,,AKTIF
K15,BANDUNG LODAYA,K15,KANWIL JAWA BARAT,9057,KLINIK SEHAT SEJAHTERA,JL LAMAJANG NO.119 DAYEUHKOLOT,,022,5204139,DR RUKHIYAT SYAHIDIN. M,5204139,5204139,1500000001330,RS. TRAUMA CENTRE,26/May/2015 17:00:00,AKTIF
K00,BANDUNG SUCI ,K00,KANWIL JAWA BARAT,PPK-343077,KLINIK UTAMA HALMAHERA MEDIKA,JL. HALMAHERA NO. 2 -BANDUNG,,,,089666420091,,,7-9286435813,KLINIK TC,23/Aug/2017 00:00:00,AKTIF
K00,BANDUNG SUCI ,K00,KANWIL JAWA BARAT,PPK-343072,RSU KASIH BUNDA,JL. MAHAR MARTANEGARA NO 166 RT 01/012 KEL BAROS KEC CIMAHI TENGAH,,,,08122308750,,,7-9258578963,RUMAH SAKIT TC,,AKTIF
K15,BANDUNG LODAYA,K15,KANWIL JAWA BARAT,PPK-342588,PUSKESMAS BOJONGSOANG,JL. TERS. BUAH BATU NO. 232 BOJONGSOANG,,022,0227514513,,0225897521,0225897521,7-8818495550,KLINIK TC,,AKTIF
K15,BANDUNG LODAYA,K15,KANWIL JAWA BARAT,PPK-342591,PUSKESMAS CIBEUNYING,JL. LIGAR AYU  NO. 5 DS. CIBEUNYING,,022,0222505028,,0225897521,0225897521,7-8818386319,KLINIK TC,,AKTIF
K15,BANDUNG LODAYA,K15,KANWIL JAWA BARAT,PPK-342593,PUSKESMAS CIMENYAN,JL. TERUSAN PADASUKA ATAS KEC. CIMENYAN,,022,02270363456,,0225897521,0225897521,7-8818242468,KLINIK TC,,AKTIF
K15,BANDUNG LODAYA,K15,KANWIL JAWA BARAT,PPK-342608,PUSKESMAS SANTOSA,PTT VII TALON SANTOSA KEC. KERTASARI,,022,0225979864,,0225897521,0225897521,7-8818093527,KLINIK TC,,AKTIF
K15,BANDUNG LODAYA,K15,KANWIL JAWA BARAT,PPK-342599,PUSKESMAS KERTASARI,JL. LAPANG SARI RT 01/18 DS. CIBEREUM,,,081394207325,081394207325,0225897521,0225897521,7-8817941396,KLINIK TC,,AKTIF
K15,BANDUNG LODAYA,K15,KANWIL JAWA BARAT,PPK-342610,PUSKESMAS PANCA,JLN. SALAWI NO 23 RT 03/04 NAGRAK,,,087821953369,,0225897521,0225897521,7-8817621195,KLINIK TC,,AKTIF
K12,BANDUNG SOEKARNO HATTA,K12,KANWIL JAWA BARAT,PPK-342629,PUSKESMAS WANGISAGARA,JL RAYA WANGISAGARA MAJALAYA,,,,,,,7-8817502762,KLINIK TC,,AKTIF
K12,BANDUNG SOEKARNO HATTA,K12,KANWIL JAWA BARAT,PPK-342573,PUSKESMAS CIKARO,JL KESEHATAN RT03/03 MAJAKERTA,,,,,,,7-8817166108,KLINIK TC,,AKTIF
K12,BANDUNG SOEKARNO HATTA,K12,KANWIL JAWA BARAT,PPK-342622,PUSKESMAS PADAMUKTI,KP LEMBANG BAGUS RT01/09,,,,,,,7-8817166104,KLINIK TC,,AKTIF
K12,BANDUNG SOEKARNO HATTA,K12,KANWIL JAWA BARAT,PPK-342623,PUSKESMAS SOLOKAN JERUK,JL RHA KOSASIH RT02/09,,,,,,,7-8817166102,KLINIK TC,,AKTIF
K12,BANDUNG SOEKARNO HATTA,K12,KANWIL JAWA BARAT,PPK-342577,PUSKESMAS CIPEDES,JL JATISARI NO.4 PASEH,,,,,,,7-8816916190,KLINIK TC,,AKTIF
K12,BANDUNG SOEKARNO HATTA,K12,KANWIL JAWA BARAT,PPK-342579,PUSKESMAS SUDI,MAJALAYA SUDI NO.1 RT02/08,,,,,,,7-8816916186,KLINIK TC,,AKTIF
K15,BANDUNG LODAYA,K15,KANWIL JAWA BARAT,PPK-342597,PUSKESMAS JELEKONG,JL. RAYA LASWI SANGKIRING NO.705 DS. WARGA MEKAR,,022,02285961120,,0225897521,0225897521,7-8817027123,KLINIK TC,,AKTIF
K12,BANDUNG SOEKARNO HATTA,K12,KANWIL JAWA BARAT,PPK-342578,PUSKESMAS IBUN,JL OMA ANGGAWISASTRA NO.3,,,,,,,7-8816916184,KLINIK TC,,AKTIF
K12,BANDUNG SOEKARNO HATTA,K12,KANWIL JAWA BARAT,PPK-342621,PUSKESMAS SAWAH LEGA,DS NAGROS CICALENGKA,,,,,,,7-8816645605,KLINIK TC,,AKTIF
K15,BANDUNG LODAYA,K15,KANWIL JAWA BARAT,PPK-342616,PUSKESMAS RANCAMANYAR,BOJONGKONENG DS. RANCAMANYAR,,022,085220597027,,0225897521,0225897521,7-8816688082,KLINIK TC,,AKTIF
K12,BANDUNG SOEKARNO HATTA,K12,KANWIL JAWA BARAT,PPK-342572,PUSKESMAS CICALENGKA,JL RAYA CICALENGKA NO.321,,,,,,,7-8816645603,KLINIK TC,,AKTIF
K12,BANDUNG SOEKARNO HATTA,K12,KANWIL JAWA BARAT,PPK-342628,PUSKESMAS NAGREG,JL RAYA NAGREG KM 37,,,,,,,7-8816645601,KLINIK TC,,AKTIF
K15,BANDUNG LODAYA,K15,KANWIL JAWA BARAT,PPK-342584,PUSKESMAS BALEENDAH,JL. RAYA PACET KP. CIPAKU RT 01/20 DS. PAKUTANDANG,,022,0225942106,,0225897521,0225897521,7-8816599071,KLINIK TC,,AKTIF
K12,BANDUNG SOEKARNO HATTA,K12,KANWIL JAWA BARAT,PPK-342575,PUSKESMAS CILULUK,JL RAYA CIJAPATI CILULUK NO 78,,,,,,,7-8816316219,KLINIK TC,,AKTIF
K12,BANDUNG SOEKARNO HATTA,K12,KANWIL JAWA BARAT,PPK-342580,PUSKESMAS CIKANCUNG,JL CIKANCUNG DS MANDALASARI,,,,,,,7-8816316217,KLINIK TC,,AKTIF
K15,BANDUNG LODAYA,K15,KANWIL JAWA BARAT,PPK-342607,PUSKESMAS PAKUTANDANG,JL. RAYA PACET KP. CIPAKU RT 01/20 DS. PAKUTANDANG,,022,02270777843,,0225897521,0225897521,7-8816392740,KLINIK TC,,AKTIF
K12,BANDUNG SOEKARNO HATTA,K12,KANWIL JAWA BARAT,PPK-342624,PUSKESMAS NANJUNG MEKAR,JL RAYA BANDUNG GARUT NO.54 KM26.5,,,,,,,7-8816316215,KLINIK TC,,AKTIF
K12,BANDUNG SOEKARNO HATTA,K12,KANWIL JAWA BARAT,PPK-342625,PUSKESMAS LINGGAR,JL CIKIJING RT06/10 DS LINGGAR,,,,,,,7-8816316213,KLINIK TC,,AKTIF
K15,BANDUNG LODAYA,K15,KANWIL JAWA BARAT,PPK-342582,PUSKESMAS  SUMBERSARI,JL. RAYA SAPAN NO. 74 KEC. CIPARAY,,022,02270817475,,0225897521,0225897521,7-8816303819,KLINIK TC,,AKTIF
K12,BANDUNG SOEKARNO HATTA,K12,KANWIL JAWA BARAT,PPK-342626,PUSKESMAS RANCAEKEK,JL RAYA RANCAEKEK NO.79,,,,,,,7-8816316211,KLINIK TC,,AKTIF
K12,BANDUNG SOEKARNO HATTA,K12,KANWIL JAWA BARAT,PPK-342581,PUSKESMAS CILENGKRANG,JL MOCH YUSUF NO.10,,,,,,,7-8816065699,KLINIK TC,,AKTIF
K12,BANDUNG SOEKARNO HATTA,K12,KANWIL JAWA BARAT,PPK-342571,PUSKESMAS CIBIRU HILIR,KAV. MEKAR BIRU RT03/07 CIBIRU,,,,,,,7-8816065697,KLINIK TC,,AKTIF
K12,BANDUNG SOEKARNO HATTA,K12,KANWIL JAWA BARAT,PPK-342576,PUSKESMAS CINUNUK,JL RAYA CINUNUK CILEUNYI NO.175,,,,,,,7-8816065695,KLINIK TC,,AKTIF
K12,BANDUNG SOEKARNO HATTA,K12,KANWIL JAWA BARAT,PPK-342574,PUSKESMAS CILEUNYI,JL RAYA CILEUNYI KM 18 DS CILEUNYI,,,,,,,7-8816065693,KLINIK TC,,AKTIF
K15,BANDUNG LODAYA,K15,KANWIL JAWA BARAT,PPK-342594,PUSKESMAS CIPARAY,JL. RAYA LASWI NO. 819 DS. MANGUNHARJA KEC. CIPARAY,,022,0225950976,,0225897521,0225897521,7-8815864728,KLINIK TC,,AKTIF
K15,BANDUNG LODAYA,K15,KANWIL JAWA BARAT,PPK-342589,PUSKESMAS CIMAUNG,JL. GUNUNG PUNTANG KM 28 KAB BANDUNG,,022,0222040803,,0225897521,0225897521,7-8815778157,KLINIK TC,,AKTIF
K15,BANDUNG LODAYA,K15,KANWIL JAWA BARAT,PPK-342592,PUSKESMAS CIKALONG,JL. RAYA PANGALENGAN NO.91 DS. CIKALONG,,022,0225973086,,0225897521,0225897521,7-8815723066,KLINIK TC,,AKTIF
K15,BANDUNG LODAYA,K15,KANWIL JAWA BARAT,PPK-342620,PUSKESMAS WARNASARI,JL. RAYA SITU CILEUNCA DS. WARNASARI,,022,02270849186,,0225897521,0225897521,7-8815620654,KLINIK TC,,AKTIF
K15,BANDUNG LODAYA,K15,KANWIL JAWA BARAT,PPK-342611,PUSKESMAS PANGALENGAN,JL. ALUN-ALUN PANGALENGAN,,022,0225979403,,0225897521,0225897521,7-8815504573,KLINIK TC,,AKTIF
K15,BANDUNG LODAYA,K15,KANWIL JAWA BARAT,PPK-342605,PUSKESMAS NAGRAK,KP. SINGKUR RT 01/06 CANGKUANG DS. JATISARI,,022,02285962177,,0225897521,0225897521,7-8814953395,KLINIK TC,,AKTIF
K15,BANDUNG LODAYA,K15,KANWIL JAWA BARAT,PPK-342600,PUSKESMAS KIANGROKE,JL. RAYA PANGALENGAN KEC. BANJARAN,,022,0225945150,,0225897521,0225897521,7-8814874454,KLINIK TC,,AKTIF
K15,BANDUNG LODAYA,K15,KANWIL JAWA BARAT,PPK-342585,PUSKESMAS BANJARAN KOTA,JL. PAJAGALAN NO. 18,,022,0225940017,,0225897521,0225897521,7-8814703763,KLINIK TC,,AKTIF
K15,BANDUNG LODAYA,K15,KANWIL JAWA BARAT,PPK-342609,PUSKESMAS PAMEUNGPEUK,JL RAYA BANJARAN KM.14 DS. SUKASARI,,022,02285960264,,0225897521,0225897521,7-8814516942,KLINIK TC,,AKTIF
K15,BANDUNG LODAYA,K15,KANWIL JAWA BARAT,PPK-342586,PUSKESMAS BANJARAN DTP,JL. RAYA BANJARAN NO. 495,,022,0225940017,,0225897521,0225897521,7-8814431311,KLINIK TC,,AKTIF
K15,BANDUNG LODAYA,K15,KANWIL JAWA BARAT,PPK-342583,PUSKESMAS ARJASARI,JL. RAYA ARJASARI NO. 02,,022,0225941133,,0225897521,0225897521,7-8813967230,KLINIK TC,,AKTIF
K15,BANDUNG LODAYA,K15,KANWIL JAWA BARAT,PPK-342613,PUSKESMAS RAHAYU,JL. SADANG NO. 4 DS. RAHAYU KEC. MARGAASIH,,022,022-5411512,,0225897521,0225897521,7-8813814799,KLINIK TC,,AKTIF
K15,BANDUNG LODAYA,K15,KANWIL JAWA BARAT,PPK-342603,PUSKESMAS MARGAASIH,JL. RANCAMALANG RT05/16 MARGAASIH,,022,0226672801,,0225897521,0225897521,7-8813599368,KLINIK TC,,AKTIF
K15,BANDUNG LODAYA,K15,KANWIL JAWA BARAT,PPK-342618,PUSKESMAS SANGKAN HURIP,JL. PASANTREN RT 03/06 DS. SUKAMUKTI,,022,0229234250,,0225897521,0225897521,7-8813474597,KLINIK TC,,AKTIF
K15,BANDUNG LODAYA,K15,KANWIL JAWA BARAT,PPK-342598,PUSKESMAS KATAPANG,JL. TERUSAN KOPO KM 13.5 NO. 20 DS. PANGAUBAN,,022,0225891895,,0225897521,0225897521,7-8813371676,KLINIK TC,,AKTIF
K15,BANDUNG LODAYA,K15,KANWIL JAWA BARAT,PPK-342587,PUSKESMAS BIHBUL,JL. TERUSAN KOPO NO. 14 DS. MARGAHAYU TENGAH,,022,0225401971,,0225897521,0225897521,7-8813265605,KLINIK TC,,AKTIF
K15,BANDUNG LODAYA,K15,KANWIL JAWA BARAT,PPK-342604,PUSKESMAS MARGAHAYU,KOMP. MARGAHAYU KENC.   BLOK E.4,,022,0225418834,,0225897521,0225897521,7-8813145234,KLINIK TC,,AKTIF
K15,BANDUNG LODAYA,K15,KANWIL JAWA BARAT,PPK-342590,PUSKESMAS CANGKUANG,JL. RAYA PALASARI NO DS CANGKUANG KULON,,022,0225430136,,0225897521,0225897521,7-8812635423,KLINIK TC,,AKTIF
K15,BANDUNG LODAYA,K15,KANWIL JAWA BARAT,PPK-342596,PUSKESMAS DAYEUHKOLOT,JL RAYA DAYEUH KOLOT  NO. 423 KEC. DAYEUHKOLOT,,022,0225223805,,0225897521,0225897521,7-8812386272,KLINIK TC,,AKTIF
K15,BANDUNG LODAYA,K15,KANWIL JAWA BARAT,PPK-342614,PUSKESMAS RANCABALI,JL.TAMAN UNYIL DS. ALAM ENDAH NO. 7,,022,0225927075,,0225897521,0225897521,7-8812275661,KLINIK TC,,AKTIF
K15,BANDUNG LODAYA,K15,KANWIL JAWA BARAT,PPK-342617,PUSKESMAS RAWABOGO,JL.SIMPANG III RT 01/11 DS.RAWABOGO,,022,0225928854,,0225897521,0225897521,7-8812021600,KLINIK TC,,AKTIF
K15,BANDUNG LODAYA,K15,KANWIL JAWA BARAT,PPK-342595,PUSKESMAS CIWIDEY,JL.BABAKAN TIGA NO.61 DS CIWIDEY,,022,0225928118,,0225897521,0225897521,7-8811080829,KLINIK TC,,AKTIF
K15,BANDUNG LODAYA,K15,KANWIL JAWA BARAT,PPK-342615,PUSKESMAS SUGIHMUKTI,KP.MUARA RT 03/10 DS.SUGIHMUKTI,,,,,0225897521,0225897521,7-8808519216,KLINIK TC,,AKTIF
K15,BANDUNG LODAYA,K15,KANWIL JAWA BARAT,PPK-342612,PUSKESMAS PASIR JAMBU,JL.STASION CISONDAR NO.1 DS.PASIRJAMBU,,022,0225928103,,0225897521,0225897521,7-8808518855,KLINIK TC,,AKTIF
K15,BANDUNG LODAYA,K15,KANWIL JAWA BARAT,PPK-342601,PUSKESMAS KOPO,JL. RAYA SOREANG-CIPATIK NO.79 DS KOPO,,,0225891833,,0225897521,0225897521,7-8808465994,KLINIK TC,,AKTIF
K15,BANDUNG LODAYA,K15,KANWIL JAWA BARAT,PPK-342602,PUSKESMAS KUTAWARINGIN,JL.RAYA SOREANG-CIPATIK KM- 5,,022,0225880077,,0225897521,0225897521,7-8808373433,KLINIK TC,,AKTIF
K15,BANDUNG LODAYA,K15,KANWIL JAWA BARAT,PPK-342541,PUSKESMAS SOREANG,JL. BANJARAN SOREANG KM -3 SOREANG,,022,0225897420,,,,7-8802475063,KLINIK TC,,AKTIF
K12,BANDUNG SOEKARNO HATTA,K12,KANWIL JAWA BARAT,PPK-342491,KLINIK IBNU SINA,JL RANCAEKEK MAJALAYA RT03/08 SOLOKAN JERUK,,022,,085210139624,,,7-8637557071,KLINIK TC,,AKTIF
K12,BANDUNG SOEKARNO HATTA,K12,KANWIL JAWA BARAT,PPK-342492,KLINIK RANCAJIGANG MEDIKA,JL RANCAJIGANG NO.196 MAJALAYA,,022,85960668,082126305205,0811222589,0811222589,7-8636928850,KLINIK TC,,AKTIF
K00,BANDUNG SUCI ,K00,KANWIL JAWA BARAT,PPK-342386,BLK BANDUNG,"JL. GATOT SUBROTO NO. 170, BANDUNG,",,,,087871163910,,,7-8554704618,BLK / TRAINING CENTRE,03/Jul/2017 00:00:00,AKTIF
K00,BANDUNG SUCI ,K00,KANWIL JAWA BARAT,PPK-332347,KLINIK MITRA MEDIKA PADALARANG,"JL. RAYA SITU SAEUR PAMUCATAN NO.128A PADALARANG, KAB. BANDUNG BARAT",,,,08122041086,,,7-8092385033,KLINIK TC,15/May/2017 00:00:00,AKTIF
K00,BANDUNG SUCI ,K00,KANWIL JAWA BARAT,PPK-332346,KLINIK PRATAMA MITRA MEDIKA CIMAREME,JL. RAYA CIMAREME NO.333B PADALARANG ¿ KAB. BANDUNG BARAT,,,,085100352730,085100352730,085100352730,7-7593258981,KLINIK TC,15/May/2017 00:00:00,AKTIF
K00,BANDUNG SUCI ,K00,KANWIL JAWA BARAT,PPK-332114,KLINIK PRATAMA DWIPAPURI,"JL. RAYA RANCAEKEK KM 24, 56 KAB. SUMEDANG",,,,082221891960,,,7-7591712603,KLINIK TC,28/Apr/2017 00:00:00,AKTIF
K00,BANDUNG SUCI ,K00,KANWIL JAWA BARAT,PPK-332113,CV. ORTONESIA,"JL. SEKEPANJANG 1 RT 002/010, CIKUTRA, CIBEUNYING KIDUL BANDUNG",,022,31294666,0817 9867560,,,7-7552399885,SENTRA ORTHOSE / PROTHOSE,28/Apr/2017 00:00:00,AKTIF
K00,BANDUNG SUCI ,K00,KANWIL JAWA BARAT,PPK-332115,KLINIK PRATAMA WALUYA SENTOSA,JL. RAYA RANCAEKEK-MAJALAYA NO 389 KAB BANDUNG,,,,0813 1315 8440,,,7-7552265332,KLINIK TC,28/Apr/2017 00:00:00,AKTIF
K12,BANDUNG SOEKARNO HATTA,K12,KANWIL JAWA BARAT,PPK-342630,PUSKESMAS MAJALAYA,JL STASIUN MAJALAYA NO 3,,,,,,,7-8817166106,KLINIK TC,,AKTIF
K00,BANDUNG SUCI ,K00,KANWIL JAWA BARAT,PPK-321936,KLINIK PRATAMA KAHATEX,JL. RAYA RANCAEKEK KM26 NO 25 KAB SUMEDANG,,,,08122308750,,,7-7403576093,KLINIK TC,11/Apr/2017 00:00:00,AKTIF
K15,BANDUNG LODAYA,K15,KANWIL JAWA BARAT,PPK-342606,PUSKESMAS PACET,JL. RAYA CAGAK NO. 1 DS. MARUYUNG PACET,,022,02285962177,,0225897521,0225897521,7-8817132014,KLINIK TC,,AKTIF
K12,BANDUNG SOEKARNO HATTA,K12,KANWIL JAWA BARAT,PPK-342627,PUSKESMAS PASEH,JL CIPAKU RT02/08 DS CIPAKU,,,,,,,7-8816916188,KLINIK TC,,AKTIF
K12,BANDUNG SOEKARNO HATTA,K12,KANWIL JAWA BARAT,PPK-321444,RSUD MAJALAYA,JL RAYA CIPAKU NO.87 PASEH MAJALAYA,,,,08122471407,,,7-6942837917,RUMAH SAKIT TC,14/Mar/2017 00:00:00,AKTIF
K15,BANDUNG LODAYA,K15,KANWIL JAWA BARAT,PPK-321209,RS MUHAMMADIYAH BANDUNG,JL. KH AHMAD DAHLAN NO 53 BANDUNG,,022,0227301062,081322858256,0227301062,0227301062,7-6864977417,RUMAH SAKIT TC,22/Feb/2017 00:00:00,AKTIF
K15,BANDUNG LODAYA,K15,KANWIL JAWA BARAT,PPK-321207,KLINIK CASA MEDIKA,JL. PHH MUSTOPHA KOMP. SURAPATI CORE BLOK M27 PASIRLAYUNG,,022,87241345,082216147886,08882337160,08882337160,7-6848158006,KLINIK TC,22/Feb/2017 00:00:00,AKTIF
K12,BANDUNG SOEKARNO HATTA,K12,KANWIL JAWA BARAT,PPK-321138,KLINIK GREEN CARE,JL CIPAMOKOLAN NO.22 BANDUNG,,,,085721821658,,,7-6776552872,KLINIK TC,13/Feb/2017 00:00:00,AKTIF
K00,BANDUNG SUCI ,K00,KANWIL JAWA BARAT,PPK-342675,OPTIK KIMIA FARMA 11 BANDUNG,JL. SUPRATMAN 72 BANDUNG,,,022 727 1413,0813 4276 3089,022 727 1413,022 727 1413,7-6650200086,OPTIK,24/Jul/2017 00:00:00,AKTIF
K00,BANDUNG SUCI ,K00,KANWIL JAWA BARAT,PPK-342676,OPTIK KIMIA FARMA 43 BANDUNG,JL. BUAH BATU 259 BANDUNG,,,022.730 5019,,022.730 5019,022.730 5019,7-6649937475,OPTIK,24/Jul/2017 00:00:00,AKTIF
K00,BANDUNG SUCI ,K00,KANWIL JAWA BARAT,PPK-342677,KLINIK PRATAMA KF 289 BANDUNG,JL. BKR 87 BANDUNG,,,022 522 9766,0813 4276 3089,022 522 9766,022 522 9766,7-6649611354,KLINIK TC,24/Jul/2017 00:00:00,AKTIF
K00,BANDUNG SUCI ,K00,KANWIL JAWA BARAT,PPK-342678,KLINIK PRATAMA KIMIA FARMA PENDIDIKAN UNPAD,JL. IR.H.JUANDA 248 BANDUNG,,,022 8252 6432,0813 4276 3089,022 8252 6432,022 8252 6432,7-6649415661,KLINIK TC,24/Jul/2017 00:00:00,AKTIF
K00,BANDUNG SUCI ,K00,KANWIL JAWA BARAT,PPK-342679,KLINIK KIMIA FARMA 11 BANDUNG,JL. SUPRATMAN 72 BANDUNG,,,022 727 1413,0813 4276 3089,022 727 1413,022 727 1413,7-6648843840,KLINIK TC,24/Jul/2017 00:00:00,AKTIF
K00,BANDUNG SUCI ,K00,KANWIL JAWA BARAT,PPK-342680,APOTEK KIMIA FARMA 51 BANDUNG,"JL. SULANJANA, TAMANSARI, BANDUNG WETAN, KOTA BANDUNG, JAWA BARAT",,022,022. 420 3331,081342763089,022. 420 3331,022. 420 3331,7-6647165465,KLINIK TC,24/Jul/2017 00:00:00,AKTIF
K00,BANDUNG SUCI ,K00,KANWIL JAWA BARAT,PPK-301214,APOTEK KIMIA FARMA TUBAGUS ISMAIL,"JL. TUBAGUS ISMAIL NO 39, BANDUNG",,022,20512096,081342763089,20512096,20512096,7-6165964575,KLINIK TC,17/Jan/2017 00:00:00,AKTIF
K00,BANDUNG SUCI ,K00,KANWIL JAWA BARAT,PPK-301208,APOTEK KIMIA FARMA CIUMBULEUIT,JL. CIUMBULEUIT NO 73 BANDUNG,,022,82602181,081342763089,82602181,82602181,7-6165110184,KLINIK TC,17/Jan/2017 00:00:00,AKTIF
K00,BANDUNG SUCI ,K00,KANWIL JAWA BARAT,PPK-301215,APOTEK KIMIA FARMA UNPAD,"JL. IR H. JUANDA NO 248, BANDUNG",,022,82526432,081342763089,82526432,82526432,7-6164747463,KLINIK TC,17/Jan/2017 00:00:00,AKTIF
K00,BANDUNG SUCI ,K00,KANWIL JAWA BARAT,PPK-301206,APOTEK KIMIA FARMA CIJERAH,"JL. MELONG ASIH NO 67, BANDUNG",,022,93272767,081342763089,93272767,93272767,7-6164659602,KLINIK TC,17/Jan/2017 00:00:00,AKTIF
K00,BANDUNG SUCI ,K00,KANWIL JAWA BARAT,PPK-301205,APOTEK KIMIA FARMA CIBADUYUT,JL. CIBADUYUT RAYA NO. 69 B BANDUNG,,022,93278127,081342763089,93278127,93278127,7-6164536771,KLINIK TC,17/Jan/2017 00:00:00,AKTIF
K00,BANDUNG SUCI ,K00,KANWIL JAWA BARAT,PPK-301207,APOTEK KIMIA FARMA CIPACING,JL. CIPACING KM 21 RANCAEKEK BANDUNG,,022,93272327,081342763089,93272327,93272327,7-6163970420,KLINIK TC,17/Jan/2017 00:00:00,AKTIF
K00,BANDUNG SUCI ,K00,KANWIL JAWA BARAT,PPK-301211,APOTEK KIMIA FARMA SETIABUDI BANDUNG,JL. SETIABUDI NO 36. BANDUNG,,022,0222038048,081342763089,0222038048,0222038048,7-6163791339,KLINIK TC,17/Jan/2017 00:00:00,AKTIF
K00,BANDUNG SUCI ,K00,KANWIL JAWA BARAT,PPK-301210,APOTEK KIMIA FARMA KF SINDANGLAYA BANDUNG,JL. SUKAMISKIN NO 162B BANDUNG,,022,0227278664,081342763089,0227278664,0227278664,7-6163640508,KLINIK TC,17/Jan/2017 00:00:00,AKTIF
K00,BANDUNG SUCI ,K00,KANWIL JAWA BARAT,PPK-301213,APOTEK KIMIA FARMA TERUSAN BUBAT BANDUNG,"JL. TERUSAN BUAH BATU NO 219, BANDUNG",,022,91932777,081342763089,91932777,91932777,7-6163491757,RUMAH SAKIT TC,17/Jan/2017 00:00:00,AKTIF
K00,BANDUNG SUCI ,K00,KANWIL JAWA BARAT,PPK-301209,APOTEK KIMIA FARMA GATSU BANDUNG,JL. GATOT SUBROTO NO 235 BANDUNG,,022,0227318160,081342763089,0227318160,0227318160,7-6162992466,KLINIK TC,17/Jan/2017 00:00:00,AKTIF
K00,BANDUNG SUCI ,K00,KANWIL JAWA BARAT,PPK-301202,APOTEK KIMIA FARMA 405 SUBANG,JL. OTISTA NO 199 SUBANG,,022,022420272,081342763089,022420272,022420272,7-6162753335,KLINIK TC,17/Jan/2017 00:00:00,AKTIF
K00,BANDUNG SUCI ,K00,KANWIL JAWA BARAT,PPK-301201,APOTEK KIMIA FARMA 380 BANDUNG,"JL. PURWAKARTA NO 43, BANDUNG",,022,0227232689,081342763089,0227232689,0227232689,7-6161490076,KLINIK TC,17/Jan/2017 00:00:00,AKTIF
K00,BANDUNG SUCI ,K00,KANWIL JAWA BARAT,PPK-301200,APOTEK KIMIA FARMA 360 SUMEDANG,JL. PRABU GEUSAN ULUN NO 82 SUMEDANG,,0261,0261201063,081342763089,0261201063,0261201063,7-6161236365,KLINIK TC,17/Jan/2017 00:00:00,AKTIF
K00,BANDUNG SUCI ,K00,KANWIL JAWA BARAT,PPK-301199,APOTEK KIMIA FARMA 356 BANDUNG,"JL. BANTENG NO 96, BANDUNG",,022,0227319311,081342763089,0227319311,0227319311,7-6161105294,KLINIK TC,17/Jan/2017 00:00:00,AKTIF
K00,BANDUNG SUCI ,K00,KANWIL JAWA BARAT,PPK-301198,APOTEK KIMIA FARMA 355 BANDUNG,JL. LEUMAH NEUNDEUT NO 1E BANDUNG,,022,87783619,081342763089,87783619,87783619,7-6160971183,KLINIK TC,17/Jan/2017 00:00:00,AKTIF
K00,BANDUNG SUCI ,K00,KANWIL JAWA BARAT,PPK-301197,APOTEK KIMIA FARMA 320 BANDUNG,"JL. CINUNUK NO 192, BANDUNG",,022,0227801875,081342763089,0227801875,0227801875,7-6159356841,KLINIK TC,17/Jan/2017 00:00:00,AKTIF
K00,BANDUNG SUCI ,K00,KANWIL JAWA BARAT,PPK-301196,APOTEK KIMIA FARMA 319 BANDUNG,"JL. RAYA VENUS NO 27, BANDUNG",,022,0227564623,081342763089,0227564623,0227564623,7-6159206830,KLINIK TC,17/Jan/2017 00:00:00,AKTIF
K00,BANDUNG SUCI ,K00,KANWIL JAWA BARAT,PPK-301195,APOTEK KIMIA FARMA 289 BANDUNG,"JL. BKR NO 87, BANDUNG",,022,0225229766,081342763089,0225229766,0225229766,7-6159001409,KLINIK TC,17/Jan/2017 00:00:00,AKTIF
K00,BANDUNG SUCI ,K00,KANWIL JAWA BARAT,PPK-301194,APOTEK KIMIA FARMA 240 BANDUNG,JL. RANCABOLANG NO 60,,022,0227516751,081342763089,0227516751,0227516751,7-6158888948,KLINIK TC,17/Jan/2017 00:00:00,AKTIF
K00,BANDUNG SUCI ,K00,KANWIL JAWA BARAT,PPK-301193,APOTEK KIMIA FARMA 204 BANDUNG,JL. ABDURRAHMAN SALEH NO 39 BANDUNG,,022,0226016098,081342763089,0226016098,0226016098,7-6158639137,KLINIK TC,17/Jan/2017 00:00:00,AKTIF
K00,BANDUNG SUCI ,K00,KANWIL JAWA BARAT,PPK-301191,APOTEK KIMIA FARMA 127 BANDUNG,JL. RAYA UJUNGBERUNG NO 40 BANDUNG,,022,0227832602,081342763089,0227832602,0227832602,7-6158332076,KLINIK TC,17/Jan/2017 00:00:00,AKTIF
K00,BANDUNG SUCI ,K00,KANWIL JAWA BARAT,PPK-301204,APOTEK KIMIA FARMA 58 BANDUNG,"JL. PASIR KALIKI NO. 235, BANDUNG",,022,022203512,081342763089,022203512,022203512,7-6157604965,KLINIK TC,17/Jan/2017 00:00:00,AKTIF
K00,BANDUNG SUCI ,K00,KANWIL JAWA BARAT,PPK-301212,APOTEK KIMIA FARMA SULANJANA,"JL. SULANJANA NO 4, BANDUNG",,022,85880430,081342763089,85880430,85880430,7-6157186194,KLINIK TC,17/Jan/2017 00:00:00,AKTIF
K00,BANDUNG SUCI ,K00,KANWIL JAWA BARAT,PPK-301203,APOTEK KIMIA FARMA 43 BANDUNG,JL. BUAH BATU NO 259 BANDUNG,,022,0227305019,081342763089,0227305019,0227305019,7-6157002923,KLINIK TC,17/Jan/2017 00:00:00,AKTIF
K00,BANDUNG SUCI ,K00,KANWIL JAWA BARAT,PPK-301192,APOTEK KIMIA FARMA 14 BANDUNG,"JL. CIHAMPELAS NO 7, BANDUNG",,022,0224201596,081342763089,0224201596,0224201596,7-6155915735,KLINIK TC,17/Jan/2017 00:00:00,AKTIF
K00,BANDUNG SUCI ,K00,KANWIL JAWA BARAT,PPK-301189,APOTEK KIMIA FARMA 12 BANDUNG,"GEDUNG ASABA, JL. MERDEKA NO. 68, BANDUNG",,022,0224205421,081342763089,0224205421,0224205421,7-6155699114,KLINIK TC,17/Jan/2017 00:00:00,AKTIF
K00,BANDUNG SUCI ,K00,KANWIL JAWA BARAT,PPK-301188,APOTEK KIMIA FARMA 11 BANDUNG,JL. SUPRATMAN NO 72 BANDUNG,,022,0227271413,081342763089,0227271413,0227271413,7-6155355163,KLINIK TC,17/Jan/2017 00:00:00,AKTIF
K00,BANDUNG SUCI ,K00,KANWIL JAWA BARAT,PPK-301187,APOTEK KIMIA FARMA 10 BANDUNG,JL. BRAGA NO 2-4 BANDUNG,,022,022  423 3615,081342763089,0224233615,0224233615,7-6153589063,KLINIK TC,17/Jan/2017 00:00:00,AKTIF
K00,BANDUNG SUCI ,K00,KANWIL JAWA BARAT,PPK-211104,RSU HERMINA PASTEUR,JL. DR DJUNDJUNAN NO 107,,022,,081220133525,0226072525,0226072525,7-5171029755,RUMAH SAKIT TC,18/Oct/2016 00:00:00,AKTIF
K00,BANDUNG SUCI ,K00,KANWIL JAWA BARAT,PPK-181153,RS MELINDA 2,"JL. DR. CIPTO NO. 1, PASIRKALIKI, CICENDO, JAWA BARAT",,022,,081322414435,0816600247,0816600247,7-4697776525,RUMAH SAKIT TC,14/Sep/2016 00:00:00,AKTIF
K00,BANDUNG SUCI ,K00,KANWIL JAWA BARAT,PPK-181136,RSGM UNPAD,"JL. SEKELOA SELATAN I, BANDUNG 40132",,022,,0818207891,022-2533044,022-2533044,7-4474722653,RUMAH SAKIT TC,01/Sep/2016 00:00:00,AKTIF
K15,BANDUNG LODAYA,K15,KANWIL JAWA BARAT,PPK-171120,KLINIK SEROJA MEDIKA CANGKUANG,JL RAYA SORENG BANJARAN NO123A,,,,081321134979,081320605293,081320605293,7-4406082675,KLINIK TC,18/Aug/2016 00:00:00,AKTIF
K00,BANDUNG SUCI ,K00,KANWIL JAWA BARAT,PPK-61061,RSU HERMINA ARCAMANIK,"JL. A H NASUTION NO. 50 BANDUNG, JAWA BARAT, 40291",,088,87242525,08121406631,87242525,87242525,7-2299406693,RUMAH SAKIT TC,01/Mar/2016 00:00:00,AKTIF
K00,BANDUNG SUCI ,K00,KANWIL JAWA BARAT,9649,RSUP HASAN SADIKIN BANDUNG,"JL. RAYA PASTEUR NO 36, BANDUNG",,022,2034953,,2034953,2034953,1500000001936,RUMAH SAKIT TC,09/Apr/2015 00:00:00,AKTIF
K00,BANDUNG SUCI ,K00,KANWIL JAWA BARAT,9647,RSKB HALMAHERA SIAGA,"JL.L.L.R.E.MARTADINATA NO.28, JAWA BARAT 40115",,022,4206061,,4206061,4206061,1500000001934,RUMAH SAKIT TC,28/Jun/2015 00:00:00,AKTIF
K00,BANDUNG SUCI ,K00,KANWIL JAWA BARAT,8462,KLINIK  PRATAMA KIMIA FARMA 51 BANDUNG,JL.IR.H.JUANDA 69 BANDUNG,1-DNH-5726,022,4203331,"DRS. CHANDRA HARIBOWO,APT",84241458,84241458,1500000000834,KLINIK TC,18/Apr/2015 17:00:00,AKTIF
K12,BANDUNG SOEKARNO HATTA,K12,KANWIL JAWA BARAT,6616,RS BHAYANGKARA BANDUNG (TRAUMA CENTER),,,022,5229544,DR SETYO PURWANTO,,,1300000000042,RS. TRAUMA CENTRE,03/Dec/2012 17:00:00,AKTIF
K00,BANDUNG SUCI ,K00,KANWIL JAWA BARAT,8464,KLINIK  PRATAMA KIMIA FARMA SETIABUDI,JL.SETIABUDI 36 BANDUNG,1-DNH-5726,022,2038048,"HANI NOVIANTI,S.FARM,APT",87804760,87804760,1500000000835,KLINIK TC,18/Apr/2015 17:00:00,AKTIF
K00,BANDUNG SUCI ,K00,KANWIL JAWA BARAT,9127,RS. SALAMUN,"JL. CIUMBELUIT NO. 203, BANDUNG, JAWA BARAT, 40142",,022,2032090,IBU INKRIS,2032090,2032090,1500000001399,RUMAH SAKIT TC,17/May/2015 17:00:00,AKTIF
K00,BANDUNG SUCI ,K00,KANWIL JAWA BARAT,8467,KLINIK  PRATAMA KIMIA FARMA 14 BANDUNG,JL. CIHAMPELAS 7 BANDUNG,1-DNH-5726,022,4201596,"DRS. ONO DARSONO,APT",87804760,87804760,1500000000837,KLINIK TC,18/May/2015 17:00:00,AKTIF
K00,BANDUNG SUCI ,K00,KANWIL JAWA BARAT,8465,KLINIK  PRATAMA KIMIA FARMA SINDANGLAYA BANDUNG,JL. SUKAMISKIN 126B BANDUNG,1-DNH-5726,022,7178664,"LEA OKTAVIANI,S.FARM,APT",87804760,87804760,1500000000836,KLINIK TC,18/Apr/2015 17:00:00,AKTIF
K00,BANDUNG SUCI ,K00,KANWIL JAWA BARAT,8286,RSU BUNGSU,"JL. VETERAN NO. 6, BANDUNG",,022,4231550,IBU ISTITI,081220340523,081220340523,1500000000697,RUMAH SAKIT TC,30/Mar/2015 17:00:00,AKTIF
K12,BANDUNG SOEKARNO HATTA,K12,KANWIL JAWA BARAT,8888,RUMAH SAKIT UMUM BINA SEHAT,JL. RAYA DAYEUH KOLOT NO.325,,022,5207963,"DR. H GUNTUR ALAMSYAH, MARS",5207963,5207963,1500000001175,RS. TRAUMA CENTRE,29/Apr/2015 17:00:00,AKTIF
K00,BANDUNG SUCI ,K00,KANWIL JAWA BARAT,8461,KLINIK PRATAMA KIMIA FARMA 43 BANDUNG,JL. BUAH BATU 59 BANDUNG,1-DNH-5726,022,7305019,"DRS. MUHAMMAD HILMI,APT",84281458,84281458,1500000000833,KLINIK TC,18/Apr/2015 17:00:00,AKTIF
K00,BANDUNG SUCI ,K00,KANWIL JAWA BARAT,8031,RSUD KOTA BANDUNG,"JL. RUMAH SAKIT NO. 22, UJUNGBERUNG",,022,7811794,IBU SRI / BP HERI,,,1500000000460,RUMAH SAKIT TC,30/Nov/2014 17:00:00,AKTIF
K15,BANDUNG LODAYA,K15,KANWIL JAWA BARAT,PPK-342542,PUSKESMAS SUKAJADI,JL.RAYA SOREANG-CIWIDEY KM-13,,081,322102045,081322102045,,,7-8802729314,KLINIK TC,,AKTIF
K15,BANDUNG LODAYA,K15,KANWIL JAWA BARAT,8495,KLINIK SAHABAT SEHAT AMPUH,"JL TERUSAN KOPO NO 593 KM 11,5 DS PANGAUBAN KATAPANG",,022,5897000,DRS AHMAD SUHANDA,5897000,5897000,1500000000872,RS. TRAUMA CENTRE,26/Apr/2015 17:00:00,AKTIF
K15,BANDUNG LODAYA,K15,KANWIL JAWA BARAT,PPK-342619,PUSKESMAS SUKAMANAH,JLN RAYA PINTU RT 05/01 DS. SUKAMANAH,,022,02271361802,,0225897521,0225897521,7-8815650575,KLINIK TC,,AKTIF
K15,BANDUNG LODAYA,K15,KANWIL JAWA BARAT,6803,RSUD AL IHSAN PROV. JABAR,JL KIASTRAMANGGALA - BALEENDAH,,022,5940872,"DRS AHMAD DAHLAN, MM",5940875,5940875,1400000000080,RS. TRAUMA CENTRE,18/Feb/2014 17:00:00,AKTIF
K00,BANDUNG SUCI ,K00,KANWIL JAWA BARAT,5263,RS PINDAD,JL. GATOT SUBROTO NO.517 PAPANGGUNGAN BANDUNG,,022,7322468,KOMARUDIN,,,1100000000014,RS. TRAUMA CENTRE,31/Dec/2010 17:00:00,AKTIF
K15,BANDUNG LODAYA,K15,KANWIL JAWA BARAT,5325,RUMAH SAKIT IMMANUEL,JL. KOPO NO 161 KOTA BANDUNG,,022,5201051,081223725611,5224216,5224216,1100000000025,RS. TRAUMA CENTRE,08/May/2011 17:00:00,AKTIF
K15,BANDUNG LODAYA,K15,KANWIL JAWA BARAT,9224,KLINIK INSANIYAH MEDICAL CENTRE,JL TERUSAN AL FATHU KM 17  RT 05 RW 04 DESA PAMEKARAN SOREANG,1-DNH-5610,022,85874343,IBU SANTI / BP ASEP,85874343,85874343,1500000001538,RS. TRAUMA CENTRE,28/Apr/2015 17:00:00,AKTIF
K15,BANDUNG LODAYA,K15,KANWIL JAWA BARAT,9090,SANTOSA HOSPITAL BANDUNG KOPO,KH. WAHID HASYIM NO 461- 463 KOPO BANDUNG,,022,54280555,HARLANDI KARO KARO,4248333,4248333,1500000001388,RS. TRAUMA CENTRE,19/Jan/2015 17:00:00,AKTIF
K00,BANDUNG SUCI ,K00,KANWIL JAWA BARAT,8434,RS MATA CICENDO,JL. CICENDO NO. 4 BANDUNG,,022,4231280,"TIURMA SIMARMATA, SPD",4231281,4231281,1500000000801,KLINIK TC,12/Apr/2015 17:00:00,AKTIF
K15,BANDUNG LODAYA,K15,KANWIL JAWA BARAT,9226,RUMAH SAKIT UMUM DAERAH SOREANG,JL ALUN ALUN UTARA NO 1 SOREANG,,022,5891355,DR DENI JAENI,5897521,5897521,1500000001540,RS. TRAUMA CENTRE,28/Apr/2015 17:00:00,AKTIF
K15,BANDUNG LODAYA,K15,KANWIL JAWA BARAT,7298,RUMAH SAKIT RAJAWALI,JL RAJAWALI NO 38 RT 03 RW 10 KEC ANDIR,,022,6011913,BPK. SOPIAN,6031087,6031087,1400000000532,RS. TRAUMA CENTRE,29/Oct/2014 17:00:00,AKTIF
K12,BANDUNG SOEKARNO HATTA,K12,KANWIL JAWA BARAT,4044,RS AMC (TRAUMA CENTRE),JL. RAYA CILEUNYI RANCAEKEK,,022,7781630,DR. FERY FARDIAN,7781630,7781630,0900000000038,RS. TRAUMA CENTRE,07/Apr/2009 17:00:00,AKTIF
K00,BANDUNG SUCI ,K00,KANWIL JAWA BARAT,5262,RS SARININGSIH,JL. LL RE MARTADINATA NO. 9,,,,IBU PONINGSIH,,,1100000000015,RUMAH SAKIT TC,31/Jul/2010 17:00:00,AKTIF
K15,BANDUNG LODAYA,K15,KANWIL JAWA BARAT,8498,KLINIK RATNASARI 2,JL RAYA CIWIDEY KP PEER  RT 03 RW 23 DESA CIWIDEY KEC CIWIDEY,,022,5927794,APENG HIDAYAT,081321134979,081321134979,1500000000911,RS. TRAUMA CENTRE,28/Apr/2015 17:00:00,AKTIF
K15,BANDUNG LODAYA,K15,KANWIL JAWA BARAT,9220,KLINIK LUHUR MEDICA CENTRE,JL JEND SUDIRMAN NO 472/474 ANDIR - BANDUNG,1-DNH-8509,022,6037679,IBU UNI NURHAYATI,6044837,6044837,1500000001537,RS. TRAUMA CENTRE,29/Apr/2015 17:00:00,AKTIF
K15,BANDUNG LODAYA,K15,KANWIL JAWA BARAT,8497,KLINIK SEHAT MEDIKA UTAMA,JL PANGALENGAN SITU CILEUNCA KP SIDAMUKTI RT 01 RW 04 PANGALENGAN,,,081320605293,APENG HIDAYAT,081321134979,081321134979,1500000000882,RS. TRAUMA CENTRE,28/Apr/2015 17:00:00,AKTIF
K15,BANDUNG LODAYA,K15,KANWIL JAWA BARAT,9228,KLINIK KATAPANG,JL TERUSAN KOPO NO 65 KATAPANG-SOREANG,1-DNH-5610,022,21175677,DR FELIX KASIM M.KES,08122065866,08122065866,1500000001541,RS. TRAUMA CENTRE,18/May/2015 17:00:00,AKTIF
K15,BANDUNG LODAYA,K15,KANWIL JAWA BARAT,8496,KLINIK ALBAR,JL TERUSAN KOPO NO 371 KOPO MARGAHAYU,1-DNH-5613,,085863333599,087822595109,08563333599,08563333599,1500000000873,RS. TRAUMA CENTRE,09/Apr/2015 17:00:00,AKTIF
K15,BANDUNG LODAYA,K15,KANWIL JAWA BARAT,8494,KLINIK NORMA MASITHA,JL RAYA TIMUR NO 41 BANJARAN KAB BANDUNG,,022,5944144,WARSITO BP,5944144,5944144,1500000000871,RS. TRAUMA CENTRE,19/Mar/2015 17:00:00,AKTIF
K15,BANDUNG LODAYA,K15,KANWIL JAWA BARAT,6819,KLINIK AVIATI KOPO,JL KOPO NO. 59 PANJUNAN - KOTA BANDUNG,1-DNH-5726,022,5232291,CITRA S. S.SI APT,5232291,5232291,1400000000252,RS. TRAUMA CENTRE,07/Apr/2014 17:00:00,AKTIF
K15,BANDUNG LODAYA,K15,KANWIL JAWA BARAT,9513,KLINIK BHAYANGKARA HUSADA POLRES BANDUNG,JL. BHAYANGKARA NO. 1 POLRES BANDUNG - SOREANG,,022,85871980,,858871980,858871980,1500000001810,,27/May/2015 00:00:00,AKTIF
K15,BANDUNG LODAYA,K15,KANWIL JAWA BARAT,9414,KLINIK WIDYA BHAKTI INTI,JL. MOCH TOHA NO.77 BANDUNG,,022,5201501,,5201501,5201501,1500000001709,,27/May/2015 00:00:00,AKTIF
K15,BANDUNG LODAYA,K15,KANWIL JAWA BARAT,9389,SANTOSA HOSPITAL BANDUNG CENTRAL,JL KEBONJATI NO 38 BANDUNG,,022,4248555,,4263856,4263856,1500000001715,,30/Apr/2015 00:00:00,AKTIF
